district,state,population,total_activity,bio_count,demo_count,enroll_count,activity_per_100k
ANUGUL,Odisha,1169108.0,792.0,471.0,235.0,86.0,67.74395522056132
Adilabad,_Andhrapradesh,28633641.0,21044.0,6999.0,9573.0,4472.0,73.49397165383193
Agar Malwa,Manipur,3769709.0,3389.0,1837.0,834.0,718.0,89.90083849973566
Agra,Uttar Pradesh,40127741.0,9220.0,4685.0,2299.0,2236.0,22.97662357818747
Ahilyanagar,Maharashtra,6541067.0,4390.0,2569.0,1105.0,716.0,67.11443255358797
Ahmadabad,Haryana,10680323.0,12648.0,7187.0,3282.0,2179.0,118.42338476092905
Ahmadnagar,Maharashtra,22678233.0,24276.0,14491.0,6338.0,3447.0,107.04537694801883
Ahmed Nagar,Maharashtra,3244498.0,3566.0,2144.0,935.0,487.0,109.90914465042049
Ahmedabad,Haryana,18709298.0,19415.0,11422.0,5092.0,2901.0,103.77193200942119
Aizawl,Mizoram,2181247.0,4787.0,2679.0,1094.0,1014.0,219.461619889907
Ajmer,Rajasthan,21481864.0,15219.0,8289.0,4239.0,2691.0,70.84580742155336
Akola,Maharashtra,12320606.0,7393.0,4261.0,1836.0,1296.0,60.00516533034171
Alappuzha,,40716561.0,10303.0,0.0,7337.0,2966.0,25.304199929851638
Aligarh,Uttar Pradesh,35229534.0,11093.0,5954.0,2800.0,2339.0,31.487785220207567
Alipurduar,Westbengal,3326020.0,5267.0,4186.0,0.0,1081.0,158.35743621505586
Alirajpur,Manipur,5986753.0,1171.0,680.0,266.0,225.0,19.55985155893353
Allahabad,Uttar Pradesh,33860652.0,15310.0,8527.0,4008.0,2775.0,45.21472297698225
Alluri Sitharama Raju,_Andhrapradesh,11369345.0,6900.0,4170.0,1771.0,959.0,60.68951201674327
Almora,Uttarakhand,15492141.0,9493.0,5756.0,2635.0,1102.0,61.27623031574525
Alwar,Rajasthan,43008329.0,15666.0,8262.0,4351.0,3053.0,36.425502604390886
Ambala,Gujrat,6713929.0,5235.0,2835.0,1452.0,948.0,77.97222758834656
Ambedkar Nagar,Uttar Pradesh,23151595.0,9990.0,5373.0,2573.0,2044.0,43.15037473660022
Amethi,Uttar Pradesh,31378361.0,14039.0,7729.0,3653.0,2657.0,44.7410239177247
Amravati,Maharashtra,25522991.0,11476.0,6460.0,2863.0,2153.0,44.96338223055441
Amreli,Haryana,19587634.0,9655.0,5664.0,2600.0,1391.0,49.29130286996377
Amritsar,Punjab,12746122.0,8982.0,5892.0,3090.0,0.0,70.46849229906948
Amroha,Uttar Pradesh,16076035.0,4743.0,2593.0,1208.0,942.0,29.503543628761697
Anakapalli,_Andhrapradesh,9189907.0,7912.0,4757.0,2121.0,1034.0,86.09445122785247
Anand,Haryana,22206670.0,15956.0,9500.0,4319.0,2137.0,71.85228582223269
Anantapur,_Andhrapradesh,12199662.0,22851.0,14241.0,6072.0,2538.0,187.3084680542789
Ananthapur,_Andhrapradesh,12341371.0,21927.0,13655.0,5811.0,2461.0,177.67069801240075
Ananthapuramu,_Andhrapradesh,13575081.0,20352.0,12633.0,5457.0,2262.0,149.92175737293942
Anantnag,Jammu And Kashmir,2971746.0,4550.0,2544.0,1168.0,838.0,153.1086438746784
Angul,Odisha,13958872.0,6898.0,4178.0,1837.0,883.0,49.416600424446905
Anjaw,_Arunachalpradesh,355102.0,294.0,187.0,81.0,26.0,82.79311296472564
Annamayya,_Andhrapradesh,9123185.0,7381.0,4350.0,2071.0,960.0,80.90376332388306
Anugul,Odisha,3639740.0,2354.0,1412.0,659.0,283.0,64.67494930956607
Anuppur,Manipur,8259797.0,5355.0,3084.0,1318.0,953.0,64.83210180589184
Araria,_Bihar,41356156.0,6322.0,3353.0,1642.0,1327.0,15.286720554976144
Ariyalur,Tamilnadu,8903301.0,7172.0,4065.0,1888.0,1219.0,80.5543921293911
Arvalli,Haryana,7015086.0,6772.0,4014.0,1821.0,937.0,96.53481083482085
Arwal,_Bihar,17382643.0,3436.0,1872.0,908.0,656.0,19.766844432115416
Ashok Nagar,Manipur,2992108.0,442.0,271.0,97.0,74.0,14.772194051818985
Auraiya,Uttar Pradesh,15079827.0,5272.0,2884.0,1352.0,1036.0,34.96061327494009
Aurangabad,Maharashtra,40005470.0,21691.0,12412.0,5592.0,3687.0,54.22008540332109
Aurangabad(BH),_Bihar,4135776.0,879.0,476.0,225.0,178.0,21.25356885866159
Aurangabad(bh),_Bihar,16896849.0,1995.0,1108.0,537.0,350.0,11.806935127371974
Ayodhya,Uttar Pradesh,9872317.0,8407.0,4991.0,2240.0,1176.0,85.1573141340579
Azamgarh,Uttar Pradesh,59780557.0,15217.0,8006.0,3857.0,3354.0,25.45476449809593
Badgam,Jammu And Kashmir,2123633.0,2926.0,1674.0,768.0,484.0,137.78275248124322
Bagalkot,Karnataka,17374919.0,13968.0,8110.0,3451.0,2407.0,80.3917416823641
Bagalkot *,Karnataka,1253689.0,557.0,328.0,136.0,93.0,44.428881484961586
Bageshwar,Uttarakhand,4141755.0,3256.0,1994.0,890.0,372.0,78.6140174877558
Baghpat,Uttar Pradesh,15178336.0,4809.0,2619.0,1246.0,944.0,31.683314956263985
Bagpat,Uttar Pradesh,1378946.0,339.0,182.0,83.0,74.0,24.58399386197864
Bahraich,Uttar Pradesh,32279942.0,6102.0,3118.0,1518.0,1466.0,18.903379690087423
Bajali,_Assam,453275.0,530.0,323.0,141.0,66.0,116.92681043516629
Baksa,_Assam,9223226.0,5100.0,2981.0,1352.0,767.0,55.29518630466173
Balaghat,Manipur,22318379.0,6091.0,3251.0,1493.0,1347.0,27.29140857407252
Balangir,Odisha,24862208.0,13044.0,7348.0,3870.0,1826.0,52.46517123499248
Baleshwar,Odisha,9424761.0,12784.0,7710.0,3600.0,1474.0,135.6426969341716
Baleswar,Odisha,20438686.0,18612.0,11402.0,5199.0,2011.0,91.06260549234916
Ballari,Karnataka,8853079.0,11924.0,7291.0,2929.0,1704.0,134.68760416573716
Ballia,Uttar Pradesh,43200815.0,12154.0,6451.0,3139.0,2564.0,28.13372849563139
Balod,Chhattisgarh,10493707.0,5511.0,3133.0,1525.0,853.0,52.51718958800736
Baloda Bazar,Chhattisgarh,9310246.0,5841.0,3212.0,1585.0,1044.0,62.73733261183432
Balotra,Rajasthan,3614047.0,1489.0,769.0,414.0,306.0,41.200349635740764
Balrampur,Uttar Pradesh,28178652.0,6931.0,3660.0,1793.0,1478.0,24.596634359940285
Banas Kantha,Haryana,6002988.0,1216.0,645.0,317.0,254.0,20.25657889037926
Banaskantha,Haryana,31605936.0,8198.0,4399.0,2082.0,1717.0,25.938165539536623
Banda,Uttar Pradesh,18956580.0,3742.0,1963.0,951.0,828.0,19.739847588541817
Bandipore,Jammu And Kashmir,1965397.0,1534.0,817.0,388.0,329.0,78.05038880185529
Bangalore,Karnataka,19689649.0,36041.0,21298.0,8958.0,5785.0,183.04541640127763
Bangalore Rural,Karnataka,9470153.0,4262.0,2465.0,1111.0,686.0,45.00455272475534
Banka,_Bihar,91602102.0,7851.0,4273.0,2100.0,1478.0,8.570764020240496
Bankura,Westbengal,6974048.0,13493.0,10449.0,0.0,3044.0,193.4744355071832
Banswara,Rajasthan,22988461.0,6684.0,3507.0,1802.0,1375.0,29.075456595376263
Bapatla,_Andhrapradesh,4021469.0,5270.0,3289.0,1467.0,514.0,131.0466399218793
Bara Banki,Uttar Pradesh,30260416.0,9759.0,5386.0,2573.0,1800.0,32.25005234561217
Barabanki,Uttar Pradesh,17281028.0,5433.0,3050.0,1426.0,957.0,31.439101886762753
Baramula,Jammu And Kashmir,3189259.0,4272.0,2390.0,1116.0,766.0,133.94961023861657
Baran,Rajasthan,15322790.0,4262.0,2231.0,1144.0,887.0,27.814777857035175
Barddhaman,Westbengal,25354572.0,38621.0,32125.0,0.0,6496.0,152.3236124829873
Bardez,Goa,638653.0,964.0,650.0,251.0,63.0,150.94268718693877
Bardhaman,Westbengal,9294545.0,12750.0,10469.0,0.0,2281.0,137.1772367555378
Bareilly,Uttar Pradesh,63045238.0,9448.0,5000.0,2344.0,2104.0,14.986064451053386
Bargarh,Odisha,20334935.0,7775.0,4225.0,2187.0,1363.0,38.234693152449225
Barmer,Rajasthan,30470794.0,7942.0,4125.0,2120.0,1697.0,26.06430275495939
Barnala,Punjab,3309268.0,2607.0,1699.0,908.0,0.0,78.77875107123387
Barpeta,_Assam,19572836.0,6851.0,3826.0,1710.0,1315.0,35.002592368321075
Barwani,Manipur,18121590.0,2876.0,1562.0,679.0,635.0,15.87057206348891
Bastar,Chhattisgarh,10859696.0,3354.0,1803.0,887.0,664.0,30.884842448628397
Basti,Uttar Pradesh,30099671.0,7592.0,3930.0,1921.0,1741.0,25.222867053928926
Bathinda,Punjab,10910647.0,5105.0,3341.0,1764.0,0.0,46.789159249676025
Baudh,Odisha,2135426.0,1451.0,813.0,406.0,232.0,67.94897130595956
Beawar,Rajasthan,1048963.0,986.0,518.0,288.0,180.0,93.99759572072608
Beed,Maharashtra,10503310.0,7311.0,4189.0,1848.0,1274.0,69.60662876750281
Begusarai,_Bihar,22518774.0,9639.0,5118.0,2569.0,1952.0,42.804284105342504
Belagavi,Karnataka,24331766.0,26654.0,16120.0,6829.0,3705.0,109.54404213816622
Belgaum,Karnataka,26879419.0,31104.0,18493.0,7943.0,4668.0,115.71678688441888
Bellary,Karnataka,7426451.0,9574.0,5831.0,2347.0,1396.0,128.9175677588124
Bemetara,Chhattisgarh,5060691.0,2509.0,1390.0,657.0,462.0,49.57820977411978
Bengaluru,Karnataka,13178955.0,33674.0,20225.0,8444.0,5005.0,255.5134303137085
Bengaluru Rural,Karnataka,644269.0,136.0,97.0,37.0,2.0,21.10919507224467
Bengaluru South,Karnataka,5148728.0,3834.0,2171.0,1142.0,521.0,74.46499407232233
Betul,Manipur,20200117.0,6126.0,3318.0,1505.0,1303.0,30.326557019446966
Bhabua,_Bihar,6614693.0,729.0,382.0,186.0,161.0,11.020919640563818
Bhadohi,Uttar Pradesh,4692346.0,4053.0,2358.0,1065.0,630.0,86.3747046786405
Bhadrak,Odisha,21404385.0,12562.0,7285.0,3626.0,1651.0,58.6889088380722
Bhagalpur,_Bihar,52993938.0,8898.0,4758.0,2343.0,1797.0,16.79059970972529
Bhandara,Maharashtra,14904875.0,5580.0,3183.0,1421.0,976.0,37.437415610664296
Bharatpur,Rajasthan,26225473.0,11680.0,6007.0,3336.0,2337.0,44.53685163276178
Bharuch,Haryana,22063719.0,10569.0,6177.0,2883.0,1509.0,47.90216916740101
Bhavnagar,Haryana,24731129.0,11607.0,6447.0,3089.0,2071.0,46.932754262856335
Bhilwara,Rajasthan,33033581.0,10574.0,5518.0,2824.0,2232.0,32.00985082422642
Bhind,Manipur,18043042.0,6474.0,3517.0,1539.0,1418.0,35.88086753885514
Bhiwani,Gujrat,11863819.0,6628.0,3570.0,1825.0,1233.0,55.867339176364716
Bhojpur,_Bihar,46221872.0,13158.0,6911.0,3437.0,2810.0,28.467042615669047
Bhopal,Manipur,14298367.0,9487.0,5371.0,2245.0,1871.0,66.35023426101736
Bid,Maharashtra,5953361.0,4140.0,2392.0,1038.0,710.0,69.54055028747626
Bidar,Karnataka,18951784.0,8109.0,4518.0,2035.0,1556.0,42.78752860416729
Bijapur,Chhattisgarh,18070032.0,17742.0,10182.0,4552.0,3008.0,98.18466287165401
Bijnor,Uttar Pradesh,38582225.0,9133.0,4831.0,2323.0,1979.0,23.671522313707932
Bikaner,Rajasthan,19386216.0,8550.0,4445.0,2316.0,1789.0,44.103501168046414
Bilaspur,Himachalpradesh,33252968.0,14078.0,8197.0,3743.0,2138.0,42.336070572707975
Birbhum,Westbengal,6525282.0,9494.0,6976.0,0.0,2518.0,145.49562762191735
Bishnupur,Madhyapradesh,87436.0,882.0,520.0,250.0,112.0,1008.7378196623816
Biswanath,_Assam,3988675.0,3773.0,2295.0,971.0,507.0,94.59281591004532
Bokaro,Jharkhand,19433352.0,11026.0,6344.0,2998.0,1684.0,56.737509823318184
Bongaigaon,_Assam,10942613.0,5756.0,3229.0,1463.0,1064.0,52.60169577412634
Botad,Haryana,3707567.0,3824.0,2305.0,1017.0,502.0,103.14041526424201
Boudh,Odisha,4503155.0,2592.0,1431.0,730.0,431.0,57.55964429383398
Budaun,Uttar Pradesh,43059871.0,7466.0,4031.0,1904.0,1531.0,17.338649249553026
Budgam,Jammu And Kashmir,1270943.0,2834.0,1575.0,755.0,504.0,222.98403626283792
Bulandshahar,Uttar Pradesh,5213518.0,1963.0,1034.0,506.0,423.0,37.65211897225635
Bulandshahr,Uttar Pradesh,49353716.0,12331.0,7035.0,3150.0,2146.0,24.98494743536637
Buldana,Maharashtra,8006509.0,8025.0,4581.0,2008.0,1436.0,100.23094959363688
Buldhana,Maharashtra,5290994.0,6524.0,3835.0,1650.0,1039.0,123.30386313044393
Bundi,Rajasthan,15008468.0,5448.0,2870.0,1485.0,1093.0,36.29950771790965
Burhanpur,Manipur,5111289.0,1077.0,595.0,247.0,235.0,21.071005767820992
Buxar,_Bihar,28968962.0,7207.0,3816.0,1919.0,1472.0,24.878350836319232
Cachar,_Assam,26182293.0,14823.0,8212.0,3654.0,2957.0,56.614598270670946
Central Delhi,Delhi,10897140.0,3203.0,1754.0,865.0,584.0,29.393033401424592
Chamarajanagar,Karnataka,4172930.0,3973.0,2514.0,975.0,484.0,95.20888200856471
Chamarajanagar *,Karnataka,387756.0,1.0,1.0,0.0,0.0,0.25789413961357144
Chamba,Himachalpradesh,160527.0,6648.0,3852.0,1871.0,925.0,4141.359397484535
Chamoli,Uttarakhand,8309649.0,7121.0,4375.0,1947.0,799.0,85.69555705662177
Champawat,Uttarakhand,4242316.0,2884.0,1667.0,816.0,401.0,67.98173450539753
Champhai,Mizoram,836198.0,1611.0,866.0,349.0,396.0,192.65771982233872
Chamrajanagar,Karnataka,6112184.0,5279.0,3283.0,1278.0,718.0,86.36847320041413
Chamrajnagar,Karnataka,4488492.0,3741.0,2389.0,908.0,444.0,83.34647805989182
Chandauli,Uttar Pradesh,28518550.0,5849.0,3089.0,1507.0,1253.0,20.509457879169876
Chandel,Madhyapradesh,2855623.0,2318.0,1336.0,643.0,339.0,81.1731800731399
Chandigarh,Punjab,2991652.0,10821.0,6966.0,2863.0,992.0,361.7065086447221
Chandrapur,Maharashtra,19851163.0,8502.0,4844.0,2215.0,1443.0,42.828724946744934
Changlang,_Arunachalpradesh,1332321.0,2515.0,1621.0,606.0,288.0,188.76832234874328
Charaideo,_Assam,5513573.0,3865.0,2386.0,964.0,515.0,70.0997338749301
Charkhi Dadri,Gujrat,4042239.0,3074.0,1717.0,888.0,469.0,76.04696308159909
Chatra,Jharkhand,17892414.0,4837.0,2765.0,1256.0,816.0,27.03380326433314
Chatra *,Jharkhand,793332.0,2.0,1.0,0.0,1.0,0.25210126403573785
Chengalpattu,Tamilnadu,7134413.0,9260.0,5463.0,2506.0,1291.0,129.79343920796285
Chennai,Tamilnadu,19961597.0,23197.0,13040.0,5991.0,4166.0,116.20813705436494
Chhatarpur,Manipur,19249953.0,6506.0,3449.0,1551.0,1506.0,33.79748511593769
Chhatrapati Sambhajinagar,Maharashtra,6821868.0,5751.0,3362.0,1473.0,916.0,84.30242273817083
Chhindwara,Manipur,24983778.0,7564.0,4182.0,1904.0,1478.0,30.27564526069676
Chhotaudepur,Haryana,11252416.0,6056.0,3549.0,1619.0,888.0,53.819553063093295
Chickmagalur,Karnataka,6222424.0,9234.0,6053.0,2353.0,828.0,148.39875906881306
Chikkaballapur,Karnataka,18395556.0,6072.0,3436.0,1555.0,1081.0,33.00797214283711
Chikkamagaluru,Karnataka,4716491.0,7116.0,4783.0,1716.0,617.0,150.87487710673042
Chikmagalur,Karnataka,3131273.0,4110.0,2629.0,1026.0,455.0,131.25652091018574
Chirang,_Assam,5868544.0,2064.0,1165.0,523.0,376.0,35.170563601465716
Chitradurga,Karnataka,24402049.0,11351.0,6540.0,2933.0,1878.0,46.516585553942626
Chitrakoot,Uttar Pradesh,11853390.0,2900.0,1533.0,730.0,637.0,24.465574827116967
Chittaurgarh,Rajasthan,5664047.0,3132.0,1720.0,872.0,540.0,55.296151320778236
Chittoor,_Andhrapradesh,48022815.0,32605.0,19224.0,8815.0,4566.0,67.89481208046634
Chittorgarh,Rajasthan,13281552.0,8330.0,4710.0,2329.0,1291.0,62.71857385341713
Chumukedima,Nagaland,409744.0,699.0,515.0,184.0,0.0,170.59432230856342
Churachandpur,Madhyapradesh,4408795.0,3649.0,2110.0,1034.0,505.0,82.76637947557099
Churu,Rajasthan,22066936.0,8022.0,4123.0,2160.0,1739.0,36.353030615577985
Coimbatore,Tamilnadu,27422159.0,29177.0,16822.0,7750.0,4605.0,106.39935389478269
Cooch Behar,Westbengal,4772146.0,9154.0,6800.0,0.0,2354.0,191.82145726471904
Cuddalore,Tamilnadu,28348628.0,17838.0,9785.0,4627.0,3426.0,62.92368011601831
Cuddapah,_Andhrapradesh,18197412.0,21394.0,13130.0,5811.0,2453.0,117.56616820018144
Cuttack,Odisha,40013346.0,21297.0,13013.0,5703.0,2581.0,53.224741564976846
Dadra and Nagar Haveli,Dadra And Nagar Haveli And Daman And Diu,692926.0,3222.0,2462.0,333.0,427.0,464.9847169827658
Dahod,Haryana,14403332.0,5029.0,2810.0,1261.0,958.0,34.91553204494627
Dakshin Bastar Dantewada,Chhattisgarh,4924061.0,2717.0,1667.0,683.0,367.0,55.178032928511655
Dakshin Dinajpur,Westbengal,557407.0,6951.0,5567.0,0.0,1384.0,1247.0241672601887
Dakshina Kannada,Karnataka,26874817.0,26273.0,15922.0,6893.0,3458.0,97.76066568192817
Daman,Dadra And Nagar Haveli And Daman And Diu,171918.0,872.0,481.0,343.0,48.0,507.2185576844775
Damoh,Manipur,16603389.0,4249.0,2281.0,1028.0,940.0,25.591160937083384
Dantewada,Chhattisgarh,1411635.0,1275.0,750.0,321.0,204.0,90.32079822333677
Darbhanga,_Bihar,70315980.0,16697.0,8773.0,4328.0,3596.0,23.745669192123895
Darjeeling,Westbengal,8144920.0,8457.0,7080.0,0.0,1377.0,103.83159073385619
Darjiling,Westbengal,1559538.0,2770.0,2181.0,0.0,589.0,177.61670443426195
Darrang,_Assam,10275892.0,3913.0,2149.0,957.0,807.0,38.079419285449866
Datia,Manipur,8789242.0,2934.0,1553.0,722.0,659.0,33.381718241459275
Dausa,Rajasthan,21769347.0,8965.0,4704.0,2432.0,1829.0,41.18175892000803
Davanagere,Karnataka,13130552.0,10839.0,6790.0,2587.0,1462.0,82.54793857866753
Davangere,Karnataka,7371175.0,8568.0,5332.0,2059.0,1177.0,116.23655658697562
Debagarh,Odisha,6653586.0,2284.0,1275.0,617.0,392.0,34.327353700696136
Deeg ,Rajasthan,1305904.0,374.0,185.0,105.0,84.0,28.639164900329583
Dehradun,Uttarakhand,19172299.0,11438.0,6585.0,3109.0,1744.0,59.65899029636456
Deoghar,Jharkhand,25646001.0,5545.0,2964.0,1455.0,1126.0,21.621304623672128
Deoria,Uttar Pradesh,35847796.0,8035.0,4252.0,2034.0,1749.0,22.414209230603745
Devbhumi Dwarka,Haryana,3142416.0,3525.0,2077.0,926.0,522.0,112.1748361770052
Dewas,Manipur,18959409.0,5887.0,3282.0,1328.0,1277.0,31.050545932101578
Dhalai,Tripura,1469970.0,2952.0,1721.0,821.0,410.0,200.82042490663073
Dhalai  *,Tripura,205497.0,399.0,228.0,108.0,63.0,194.1634184440649
Dhamtari,Chhattisgarh,14960382.0,5045.0,2817.0,1411.0,817.0,33.72240093869261
Dhanbad,Jharkhand,19608160.0,15222.0,8831.0,4077.0,2314.0,77.63094548392098
Dhar,Manipur,35149439.0,6389.0,3572.0,1534.0,1283.0,18.1766770160969
Dharashiv,Maharashtra,3131671.0,3805.0,2291.0,990.0,524.0,121.50063017475335
Dharmapuri,Tamilnadu,21728833.0,10777.0,5927.0,2762.0,2088.0,49.59769353466889
Dharwad,Karnataka,16715545.0,11462.0,6645.0,2875.0,1942.0,68.57090211536627
Dhaulpur,Rajasthan,1621010.0,692.0,353.0,184.0,155.0,42.68943436499466
Dhemaji,_Assam,10871559.0,3790.0,2143.0,915.0,732.0,34.86160540544369
Dhenkanal,Odisha,18295957.0,8616.0,4884.0,2430.0,1302.0,47.09237128180832
Dholpur,Rajasthan,10751798.0,4144.0,2114.0,1104.0,926.0,38.54239077036232
Dhubri,_Assam,13087616.0,5849.0,3183.0,1442.0,1224.0,44.69110340645691
Dhule,Maharashtra,19992335.0,8231.0,4521.0,1975.0,1735.0,41.170778700937134
Dibang Valley,_Arunachalpradesh,588372.0,640.0,412.0,154.0,74.0,108.77472075489656
Dibrugarh,_Assam,19988008.0,6866.0,3944.0,1716.0,1206.0,34.350596617731995
Didwana-Kuchaman,Rajasthan,1759065.0,1093.0,570.0,311.0,212.0,62.13528209588617
Dimapur,Nagaland,1935080.0,3065.0,2234.0,831.0,0.0,158.39138433553134
Dindigul,Tamilnadu,22103114.0,15889.0,8925.0,4162.0,2802.0,71.88579853499375
Dindori,Manipur,7926026.0,2001.0,1071.0,493.0,437.0,25.245942922720666
Diu,Dadra And Nagar Haveli And Daman And Diu,171963.0,718.0,385.0,315.0,18.0,417.53167832615156
Doda,Jammu And Kashmir,2703234.0,3406.0,1847.0,848.0,711.0,125.99723146423875
Dohad,Haryana,4779954.0,2937.0,1563.0,754.0,620.0,61.44410594746309
Dr. B. R. Ambedkar Konaseema,_Andhrapradesh,9044619.0,10111.0,6205.0,2770.0,1136.0,111.79022576849285
Dumka,Jharkhand,24803377.0,6057.0,3318.0,1591.0,1148.0,24.42006183270931
Dungarpur,Rajasthan,22265806.0,8152.0,4245.0,2206.0,1701.0,36.61219360305214
Durg,Chhattisgarh,16325676.0,8091.0,4491.0,2235.0,1365.0,49.55996921658864
East,Sikkim,621074.0,2835.0,1844.0,731.0,260.0,456.46734527608623
East Champaran,_Bihar,59028242.0,11466.0,6007.0,2982.0,2477.0,19.42460017697969
East Delhi,Delhi,13376804.0,4825.0,2453.0,1309.0,1063.0,36.069901300789034
East Garo Hills,Meghalaya,638823.0,333.0,177.0,82.0,74.0,52.12711502247101
East Godavari,_Andhrapradesh,44149780.0,41840.0,25416.0,11542.0,4882.0,94.76830915125738
East Jaintia Hills,Meghalaya,810093.0,749.0,419.0,177.0,153.0,92.45852019459494
East Kameng,_Arunachalpradesh,45882.0,427.0,313.0,94.0,20.0,930.6481844732139
East Khasi Hills,Meghalaya,11074584.0,8621.0,5177.0,1882.0,1562.0,77.84491047248366
East Midnapore,Westbengal,3588686.0,12885.0,10149.0,0.0,2736.0,359.0450655198031
East Nimar,Manipur,11742098.0,5807.0,3335.0,1344.0,1128.0,49.454535296843886
East Siang,_Arunachalpradesh,329723.0,304.0,202.0,75.0,27.0,92.19860306984954
East Sikkim,Sikkim,890121.0,2632.0,1669.0,681.0,282.0,295.6901365095307
East Singhbhum,Jharkhand,13704943.0,7635.0,4652.0,1914.0,1069.0,55.70982673915535
Eastern West Khasi Hills,Meghalaya,1550401.0,659.0,354.0,163.0,142.0,42.505132543129164
Eluru,_Andhrapradesh,6862974.0,7675.0,4564.0,2187.0,924.0,111.83198420976096
Ernakulam,,63793309.0,13396.0,0.0,9103.0,4293.0,20.999067472734485
Erode,Tamilnadu,17742730.0,17361.0,9851.0,4535.0,2975.0,97.84852725595215
Etah,Uttar Pradesh,26065459.0,6008.0,3275.0,1526.0,1207.0,23.049661239420338
Etawah,Uttar Pradesh,17471357.0,4982.0,2642.0,1279.0,1061.0,28.515243549771206
Faizabad,Uttar Pradesh,11897529.0,11525.0,6690.0,3069.0,1766.0,96.86885402842893
Faridabad,Gujrat,20717953.0,4706.0,2361.0,1305.0,1040.0,22.714599265670696
Faridkot,Punjab,2423777.0,1939.0,1276.0,663.0,0.0,79.99910882890629
Farrukhabad,Uttar Pradesh,29140560.0,7192.0,3896.0,1865.0,1431.0,24.680376766953003
Fatehabad,Gujrat,7330767.0,3243.0,1684.0,874.0,685.0,44.23820863492183
Fatehgarh Sahib,Punjab,5730354.0,4870.0,3251.0,1619.0,0.0,84.98602355107556
Fatehpur,Uttar Pradesh,35795079.0,8210.0,4375.0,2101.0,1734.0,22.936113648471068
Fazilka,Punjab,1495104.0,2068.0,1377.0,691.0,0.0,138.31813706605024
Ferozepur,Punjab,5211970.0,4733.0,3114.0,1619.0,0.0,90.81019269105539
Firozabad,Uttar Pradesh,35756686.0,7508.0,4176.0,1971.0,1361.0,20.9974716336967
Firozpur,Punjab,3581735.0,3394.0,2235.0,1159.0,0.0,94.75854578856337
Gadag,Karnataka,9085560.0,6288.0,3650.0,1555.0,1083.0,69.20872241226738
Gadag *,Karnataka,2559214.0,2058.0,1224.0,498.0,336.0,80.4153150146881
Gadchiroli,Maharashtra,12377444.0,4026.0,2215.0,1008.0,803.0,32.526909432997634
Gajapati,Odisha,9797704.0,5127.0,2857.0,1399.0,871.0,52.3285863708477
Ganderbal,Jammu And Kashmir,69028.0,557.0,312.0,159.0,86.0,806.918931448108
Gandhinagar,Haryana,15772457.0,11843.0,6899.0,3289.0,1655.0,75.08658923590662
Ganganagar,Rajasthan,23238209.0,9321.0,5098.0,2591.0,1632.0,40.11066429430943
Ganjam,Odisha,61818376.0,27213.0,15380.0,7904.0,3929.0,44.02089113437726
Garhwa,Jharkhand,14876481.0,4793.0,2744.0,1248.0,801.0,32.218640954134244
Garhwa *,Jharkhand,5840507.0,1094.0,575.0,278.0,241.0,18.731250557528654
Garhwal,Uttarakhand,2891265.0,1823.0,1049.0,508.0,266.0,63.05198589544715
Gariyaband,Chhattisgarh,11680752.0,5368.0,3088.0,1481.0,799.0,45.95594530215178
Gautam Buddha Nagar,Uttar Pradesh,19129403.0,8752.0,4776.0,2247.0,1729.0,45.751558477805084
Gaya,_Bihar,90284574.0,11079.0,5817.0,2900.0,2362.0,12.271199285937817
Ghaziabad,Uttar Pradesh,12268475.0,7476.0,4088.0,1908.0,1480.0,60.9366689829013
Ghazipur,Uttar Pradesh,47216690.0,12822.0,6833.0,3276.0,2713.0,27.15565195273112
Gir Somnath,Haryana,5428933.0,3857.0,2315.0,957.0,585.0,71.04526801122799
Giridih,Jharkhand,29602457.0,7609.0,4072.0,1946.0,1591.0,25.703947479764942
Goalpara,_Assam,14599945.0,4285.0,2400.0,1042.0,843.0,29.349425631397928
Godda,Jharkhand,22019886.0,3333.0,1817.0,879.0,637.0,15.136318144426362
Golaghat,_Assam,12911363.0,5573.0,3082.0,1378.0,1113.0,43.163529675372
Gomati,Tripura,1456615.0,2365.0,1407.0,688.0,270.0,162.36273826646024
Gonda,Uttar Pradesh,59290450.0,11047.0,5868.0,2759.0,2420.0,18.632005660270753
Gondia,Maharashtra,1142472.0,1359.0,807.0,371.0,181.0,118.95258702182635
Gondiya,Maharashtra,2960665.0,2617.0,1561.0,693.0,363.0,88.39230375608183
Gondiya *,Maharashtra,2634041.0,2602.0,1585.0,707.0,310.0,98.78358005816918
Gopalganj,_Bihar,41783780.0,6736.0,3487.0,1766.0,1483.0,16.12108813515675
Gorakhpur,Uttar Pradesh,64975585.0,14181.0,7457.0,3537.0,3187.0,21.825120928114767
Gulbarga,Karnataka,16554836.0,12653.0,7552.0,3107.0,1994.0,76.43083869873432
Gumla,Jharkhand,25975874.0,5892.0,3305.0,1514.0,1073.0,22.68258615667754
Guna,Manipur,22281460.0,6751.0,3789.0,1595.0,1367.0,30.298732668326043
Guntur,_Andhrapradesh,36134224.0,32177.0,19161.0,8634.0,4382.0,89.04854301008373
Gurdaspur,Punjab,16202043.0,7832.0,5104.0,2728.0,0.0,48.339582853841335
Gurgaon,Gujrat,12599018.0,8459.0,4464.0,2323.0,1672.0,67.14015330401148
Gwalior,Manipur,13649224.0,4850.0,2595.0,1171.0,1084.0,35.5331555845226
Hailakandi,_Assam,8454929.0,4349.0,2405.0,1056.0,888.0,51.437451455831265
Hamirpur,Himachalpradesh,14684238.0,14928.0,9384.0,3707.0,1837.0,101.6600248511363
Hanumangarh,Rajasthan,17730559.0,4948.0,2615.0,1364.0,969.0,27.9066215566018
Haora,Westbengal,18944306.0,10710.0,8487.0,0.0,2223.0,56.53413748701061
Hapur,Uttar Pradesh,9182124.0,4474.0,2527.0,1154.0,793.0,48.725109789412556
Harda,Manipur,2961405.0,1496.0,810.0,353.0,333.0,50.51656223988276
Harda *,Manipur,4692636.0,555.0,387.0,113.0,55.0,11.82704134733655
Hardoi,Uttar Pradesh,46176161.0,7484.0,3796.0,1850.0,1838.0,16.207497197525797
Hardwar,Uttarakhand,8532433.0,2990.0,1726.0,807.0,457.0,35.04275978492887
Haridwar,Uttarakhand,9470802.0,3963.0,2268.0,1067.0,628.0,41.84439712708596
Hasan,Karnataka,14037568.0,11743.0,7328.0,3121.0,1294.0,83.65409164892381
Hassan,Karnataka,11743682.0,12267.0,7803.0,3200.0,1264.0,104.45616630286821
Hathras,Uttar Pradesh,13477667.0,5024.0,2777.0,1300.0,947.0,37.276481159536
Haveri,Karnataka,15671041.0,9863.0,5802.0,2481.0,1580.0,62.93774612675699
Haveri *,Karnataka,4149645.0,1667.0,970.0,413.0,284.0,40.172111108299625
Hazaribag,Jharkhand,5639868.0,2057.0,1144.0,543.0,370.0,36.47248481702054
Hazaribagh,Jharkhand,16565036.0,7417.0,4379.0,2005.0,1033.0,44.77503097487986
Hingoli,Maharashtra,15463020.0,3426.0,1885.0,808.0,733.0,22.156085939227914
Hisar,Gujrat,9560169.0,4762.0,2538.0,1266.0,958.0,49.81083493398495
Hojai,_Assam,1980944.0,1101.0,647.0,277.0,177.0,55.57956206737798
Hooghly,Westbengal,22048390.0,20783.0,16371.0,0.0,4412.0,94.26085079228007
Hoshangabad,Manipur,5994254.0,4182.0,2626.0,905.0,651.0,69.76681335158636
Hoshiarpur,Punjab,13674154.0,11441.0,7662.0,3779.0,0.0,83.66879589040757
Howrah,Westbengal,22005825.0,9811.0,7850.0,0.0,1961.0,44.583650010849404
Hugli,Westbengal,3515152.0,2985.0,2308.0,0.0,677.0,84.91809173543562
Hyderabad,_Andhrapradesh,4272439.0,29300.0,10489.0,11381.0,7430.0,685.7909498532338
Idukki,,16831794.0,4996.0,0.0,3518.0,1478.0,29.681922200331112
Imphal East,Madhyapradesh,1623401.0,3160.0,1836.0,916.0,408.0,194.6530770893944
Imphal West,Madhyapradesh,1875404.0,4555.0,2704.0,1278.0,573.0,242.88100057374305
Indore,Manipur,29598119.0,8452.0,4603.0,1997.0,1852.0,28.55586870233206
JAJPUR,Odisha,7737199.0,8816.0,5260.0,2476.0,1080.0,113.94304321240801
Jabalpur,Manipur,19597448.0,7684.0,4236.0,1853.0,1595.0,39.20918682881567
Jagatsinghapur,Odisha,9618374.0,7426.0,4548.0,2015.0,863.0,77.20639684004801
Jagatsinghpur,Odisha,8826428.0,5969.0,3602.0,1584.0,783.0,67.62645092669425
Jaipur,Rajasthan,60522843.0,25009.0,12983.0,6736.0,5290.0,41.32158828031261
Jaisalmer,Rajasthan,11505772.0,4188.0,2256.0,1126.0,806.0,36.399122110189566
Jajapur,Odisha,19854825.0,14078.0,8405.0,3829.0,1844.0,70.90467934116771
Jalandhar,Punjab,12751935.0,14838.0,9993.0,4845.0,0.0,116.35881142744219
Jalaun,Uttar Pradesh,17518167.0,6071.0,3302.0,1555.0,1214.0,34.65545225136854
Jalgaon,Maharashtra,37503316.0,16908.0,9486.0,4176.0,3246.0,45.08401337097765
Jalna,Maharashtra,20938781.0,6770.0,3862.0,1685.0,1223.0,32.33235019746374
Jalor,Rajasthan,13186445.0,6373.0,3308.0,1856.0,1209.0,48.329932745330524
Jalore,Rajasthan,3986750.0,1584.0,808.0,464.0,312.0,39.731610961309336
Jalpaiguri,Westbengal,22863509.0,14938.0,11858.0,0.0,3080.0,65.33555282349704
Jammu,Jammu And Kashmir,9745709.0,12817.0,7593.0,3241.0,1983.0,131.51429003266978
Jamnagar,Haryana,19649953.0,13903.0,7906.0,3778.0,2219.0,70.75334989350866
Jamtara,Jharkhand,9618113.0,2963.0,1640.0,766.0,557.0,30.8064586057577
Jamui,_Bihar,24480146.0,3977.0,2059.0,1022.0,896.0,16.245818141770886
Janjgir - Champa,Chhattisgarh,1240302.0,1401.0,781.0,385.0,235.0,112.9563606282986
Janjgir Champa,Chhattisgarh,2765775.0,2481.0,1444.0,635.0,402.0,89.70360929576701
Janjgir-champa,Chhattisgarh,5989076.0,4406.0,2553.0,1208.0,645.0,73.56727481835262
Jashpur,Chhattisgarh,12390428.0,5280.0,2951.0,1463.0,866.0,42.61354006495982
Jaunpur,Uttar Pradesh,71433985.0,15297.0,8290.0,3976.0,3031.0,21.41417701952369
Jehanabad,_Bihar,30833395.0,6204.0,3335.0,1655.0,1214.0,20.121040838999402
Jhabua,Manipur,23452720.0,4535.0,2483.0,1052.0,1000.0,19.33677628863518
Jhajjar,Gujrat,6263789.0,4558.0,2514.0,1189.0,855.0,72.76745752451113
Jhalawar,Rajasthan,20610539.0,6097.0,3122.0,1633.0,1342.0,29.581953193946067
Jhansi,Uttar Pradesh,20429426.0,7700.0,4182.0,1941.0,1577.0,37.690731007322476
Jhargram,Westbengal,170961.0,3412.0,2655.0,0.0,757.0,1995.7768145951416
Jharsuguda,Odisha,7232855.0,5247.0,3001.0,1508.0,738.0,72.54396776929718
Jhunjhunu,Rajasthan,3017783.0,2979.0,1630.0,857.0,492.0,98.71485126664177
Jhunjhunun,Rajasthan,16104053.0,15717.0,8648.0,4493.0,2576.0,97.59654914200792
Jind,Gujrat,9186400.0,3162.0,1543.0,879.0,740.0,34.42044761821823
Jiribam,Madhyapradesh,440298.0,908.0,532.0,253.0,123.0,206.223966495419
Jodhpur,Rajasthan,35227915.0,13153.0,6945.0,3528.0,2680.0,37.336867651690426
Jorhat,_Assam,14126711.0,8525.0,4990.0,2151.0,1384.0,60.34667234291124
Junagadh,Haryana,24117401.0,13484.0,7594.0,3615.0,2275.0,55.90983870940322
Jyotiba Phule Nagar,Uttar Pradesh,3609854.0,864.0,454.0,229.0,181.0,23.934485993062324
K.V.Rangareddy,_Andhrapradesh,11152070.0,6482.0,2076.0,2797.0,1609.0,58.12373846290419
K.v. Rangareddy,_Andhrapradesh,4040339.0,3387.0,1093.0,1454.0,840.0,83.8295994469771
Kachchh,Haryana,23726292.0,13714.0,7902.0,3782.0,2030.0,57.8008565350203
Kaimur (Bhabua),_Bihar,18279599.0,2285.0,1224.0,592.0,469.0,12.50027421279865
Kaithal,Gujrat,7705270.0,3112.0,1577.0,859.0,676.0,40.387942278466554
Kakinada,_Andhrapradesh,6624233.0,6008.0,3595.0,1615.0,798.0,90.69729280355931
Kalaburagi,Karnataka,13887692.0,13175.0,7605.0,3296.0,2274.0,94.8681753598798
Kalahandi,Odisha,24815333.0,7760.0,4118.0,2099.0,1543.0,31.270988787456528
Kalimpong,Westbengal,1119930.0,1740.0,1450.0,0.0,290.0,155.3668532854732
Kallakurichi,Tamilnadu,3184557.0,3966.0,2289.0,1048.0,629.0,124.53851509016796
Kamle,_Arunachalpradesh,193464.0,246.0,168.0,58.0,20.0,127.15543977174049
Kamrup,_Assam,35239528.0,12576.0,7132.0,3168.0,2276.0,35.68719762648353
Kamrup Metro,_Assam,7033244.0,10366.0,5955.0,2602.0,1809.0,147.38575826460732
Kancheepuram,Tamilnadu,29915221.0,26507.0,15237.0,6941.0,4329.0,88.60706728524586
Kandhamal,Odisha,11360657.0,7616.0,4251.0,2130.0,1235.0,67.03837638967535
Kangra,Himachalpradesh,493364.0,25628.0,15783.0,6958.0,2887.0,5194.541960905133
Kanker,Chhattisgarh,6108179.0,4023.0,2345.0,1102.0,576.0,65.86250992317024
Kannauj,Uttar Pradesh,19321050.0,5417.0,2845.0,1381.0,1191.0,28.03677853946861
Kanniyakumari,Tamilnadu,9617363.0,18390.0,11227.0,5036.0,2127.0,191.21665679043204
Kannur,,52342884.0,10413.0,0.0,6757.0,3656.0,19.89382167020067
Kanpur Dehat,Uttar Pradesh,31928983.0,8357.0,4528.0,2122.0,1707.0,26.17371182790257
Kanpur Nagar,Uttar Pradesh,38114897.0,11956.0,6412.0,3022.0,2522.0,31.368312499965562
Kanyakumari,Tamilnadu,4844211.0,12986.0,8092.0,3565.0,1329.0,268.07255092728207
Kapurthala,Punjab,6722379.0,5867.0,3961.0,1906.0,0.0,87.27565048028384
Karaikal,Pondicherry,238474.0,5384.0,3401.0,1232.0,751.0,2257.6884691832233
Karauli,Rajasthan,18733828.0,7863.0,4129.0,2119.0,1615.0,41.972201303438894
Karbi Anglong,_Assam,17074841.0,7196.0,4026.0,1789.0,1381.0,42.143877064506775
Kargil,Jammu And Kashmir,945546.0,3107.0,1923.0,773.0,411.0,328.5932149255562
Karim Nagar,_Andhrapradesh,7953777.0,7700.0,1942.0,3903.0,1855.0,96.80935233663203
Karimganj,_Assam,8669319.0,7894.0,4492.0,2140.0,1262.0,91.05674851738642
Karimnagar,_Andhrapradesh,22762862.0,23364.0,7832.0,10893.0,4639.0,102.64087178492757
Karnal,Gujrat,8714166.0,4183.0,2085.0,1168.0,930.0,48.0022987856784
Karur,Tamilnadu,10739589.0,11504.0,6596.0,2919.0,1989.0,107.117693237609
Kasaragod,,13909062.0,3426.0,0.0,2094.0,1332.0,24.63142374374347
Kasargod,,6618723.0,1792.0,0.0,1142.0,650.0,27.074709124403604
Kasganj,Uttar Pradesh,6766714.0,2877.0,1588.0,747.0,542.0,42.516943970145626
Kathua,Jammu And Kashmir,3872286.0,4647.0,2634.0,1170.0,843.0,120.00663174156043
Katihar,_Bihar,47891896.0,8514.0,4498.0,2207.0,1809.0,17.777537978450464
Katni,Manipur,16914544.0,4569.0,2442.0,1097.0,1030.0,27.012256434462554
Kaushambi,Uttar Pradesh,21619612.0,4474.0,2429.0,1128.0,917.0,20.694173419948516
Kawardha,Chhattisgarh,10460350.0,3540.0,1963.0,950.0,627.0,33.84207985392458
Kendrapara,Odisha,24157566.0,10722.0,6116.0,2948.0,1658.0,44.38361050115728
Kendujhar,Odisha,21682931.0,14509.0,8178.0,4021.0,2310.0,66.91438532917898
Khagaria,_Bihar,30559224.0,5429.0,2800.0,1423.0,1206.0,17.76550346959072
Khairagarh Chhuikhadan Gandai,Chhattisgarh,728048.0,605.0,342.0,177.0,86.0,83.09891655495242
Khairthal-Tijara,Rajasthan,1123244.0,392.0,210.0,114.0,68.0,34.89891777743749
Khammam,_Andhrapradesh,20534255.0,21061.0,8209.0,8946.0,3906.0,102.56520141587801
Khandwa,Manipur,3274142.0,2532.0,1528.0,578.0,426.0,77.33323722672993
Khargone,Manipur,12274606.0,4664.0,2709.0,1082.0,873.0,37.997146303514754
Kheda,Haryana,27553888.0,14273.0,8108.0,3829.0,2336.0,51.800312173730255
Kheri,Uttar Pradesh,47035430.0,8423.0,4326.0,2094.0,2003.0,17.907777179883333
Khorda,Odisha,21221128.0,19836.0,12633.0,5405.0,1798.0,93.47288230861244
Khordha,Odisha,6466990.0,10877.0,6825.0,3014.0,1038.0,168.19262129677023
Khowai,Tripura,1392709.0,1836.0,1024.0,528.0,284.0,131.8294058557818
Khunti,Jharkhand,4759992.0,4062.0,2322.0,1041.0,699.0,85.33627787609727
Kinnaur,Himachalpradesh,946324.0,2934.0,2042.0,700.0,192.0,310.04180386421564
Kishanganj,_Bihar,18007474.0,2732.0,1404.0,714.0,614.0,15.171478242867378
Kishtwar,Jammu And Kashmir,2504079.0,1143.0,639.0,290.0,214.0,45.64552476179865
Koch Bihar,Westbengal,2876286.0,5496.0,4283.0,0.0,1213.0,191.0797465898732
Kodagu,Karnataka,7558726.0,6934.0,4276.0,1870.0,788.0,91.73503577190124
Kodarma,Jharkhand,1259213.0,660.0,372.0,175.0,113.0,52.413690138205375
Koderma,Jharkhand,3306141.0,2824.0,1573.0,744.0,507.0,85.41680466743553
Kohima,Nagaland,854888.0,1508.0,1140.0,368.0,0.0,176.39737603054434
Kokrajhar,_Assam,19940700.0,4852.0,2652.0,1212.0,988.0,24.33214480935975
Kolar,Karnataka,24928611.0,9264.0,5319.0,2369.0,1576.0,37.16211865955949
Kolasib,Mizoram,551802.0,2938.0,1762.0,660.0,516.0,532.4373597776014
Kolhapur,Maharashtra,38639310.0,20833.0,12010.0,5276.0,3547.0,53.91659426630548
Kolkata,Westbengal,17246922.0,18150.0,14345.0,0.0,3805.0,105.23616909730328
Kollam,,55827336.0,11757.0,0.0,7987.0,3770.0,21.059575545571438
Kondagaon,Chhattisgarh,4627635.0,3751.0,2249.0,992.0,510.0,81.05652239210741
Koppal,Karnataka,19833402.0,7776.0,4366.0,1945.0,1465.0,39.20658694862333
Koraput,Odisha,23326387.0,10775.0,6061.0,3031.0,1683.0,46.19232288309372
Korba,Chhattisgarh,9790319.0,5388.0,3038.0,1449.0,901.0,55.03395752477524
Koriya,Chhattisgarh,6931791.0,5134.0,3131.0,1468.0,535.0,74.06455272526249
Kota,Rajasthan,16788369.0,9504.0,4948.0,2583.0,1973.0,56.61062131765152
Kottayam,,43935807.0,10361.0,0.0,7546.0,2815.0,23.58213199543598
Kozhikode,,60247019.0,10320.0,0.0,6488.0,3832.0,17.129478223644558
Krishna,_Andhrapradesh,38576229.0,32388.0,19761.0,8709.0,3918.0,83.95843979462067
Krishnagiri,Tamilnadu,18952652.0,9475.0,5271.0,2432.0,1772.0,49.99300361764676
Kulgam,Jammu And Kashmir,1835893.0,680.0,368.0,174.0,138.0,37.039195639397285
Kullu,Himachalpradesh,2853333.0,5823.0,3518.0,1618.0,687.0,204.07712664452416
Kupwara,Jammu And Kashmir,4820554.0,2282.0,1244.0,564.0,474.0,47.33895730656684
Kurnool,_Andhrapradesh,40189325.0,25890.0,14974.0,6808.0,4108.0,64.42009165369161
Kurukshetra,Gujrat,5671284.0,3259.0,1653.0,896.0,710.0,57.464940919904556
Kurung Kumey,_Arunachalpradesh,1332787.0,690.0,432.0,169.0,89.0,51.771213254631085
Kushinagar,Uttar Pradesh,45199418.0,6513.0,3392.0,1658.0,1463.0,14.409477573361675
Kushinagar *,Uttar Pradesh,4066424.0,561.0,319.0,149.0,93.0,13.795905198277406
Lahaul and Spiti,Himachalpradesh,12106.0,227.0,182.0,35.0,10.0,1875.1032545845035
Lahul & Spiti,Himachalpradesh,95400.0,786.0,598.0,164.0,24.0,823.8993710691824
Lahul and Spiti,Himachalpradesh,162408.0,994.0,765.0,185.0,44.0,612.0388158218807
Lakhimpur,_Assam,13305123.0,4737.0,2607.0,1172.0,958.0,35.60282757250722
Lakhisarai,_Bihar,14526979.0,3014.0,1684.0,779.0,551.0,20.747603476263027
Lakshadweep,Lakshadweep,1119369.0,2423.0,1706.0,542.0,175.0,216.4612384298654
Lalitpur,Uttar Pradesh,12304237.0,2875.0,1535.0,729.0,611.0,23.365934840169285
Latehar,Jharkhand,10511599.0,2777.0,1492.0,724.0,561.0,26.418435482555985
Latur,Maharashtra,25610809.0,7338.0,4063.0,1787.0,1488.0,28.651964879360115
Lawngtlai,Mizoram,977894.0,1001.0,522.0,219.0,260.0,102.3628327814671
Leh,Jammu And Kashmir,1537428.0,3400.0,2213.0,856.0,331.0,221.14856760771886
Lohardaga,Jharkhand,15703046.0,3202.0,1804.0,831.0,567.0,20.39094835486058
Lohit,_Arunachalpradesh,566279.0,1155.0,770.0,282.0,103.0,203.9630641432933
Longding,_Arunachalpradesh,1253449.0,753.0,503.0,172.0,78.0,60.0742431483052
Longleng,Nagaland,631710.0,820.0,610.0,210.0,0.0,129.80639850564341
Lower Subansiri,_Arunachalpradesh,1140051.0,759.0,513.0,168.0,78.0,66.57596896980924
Lucknow,Uttar Pradesh,40859275.0,15635.0,8335.0,4000.0,3300.0,38.26548562107379
Ludhiana,Punjab,19177383.0,16241.0,10628.0,5613.0,0.0,84.68830183972443
Lunglei,Mizoram,1060505.0,2621.0,1459.0,590.0,572.0,247.14640666474932
MALDA,Westbengal,2499948.0,474.0,371.0,0.0,103.0,18.960394376203027
Madhepura,_Bihar,24747013.0,5650.0,2964.0,1476.0,1210.0,22.831038234796257
Madhubani,_Bihar,63205100.0,11989.0,6194.0,3134.0,2661.0,18.968406030526015
Madurai,Tamilnadu,20913572.0,16143.0,8978.0,4067.0,3098.0,77.18910954092395
Mahabub Nagar,_Andhrapradesh,12285382.0,12355.0,4244.0,5411.0,2700.0,100.56667346607537
Mahabubnagar,_Andhrapradesh,5055768.0,3069.0,1206.0,1141.0,722.0,60.70294364773068
Maharajganj,Uttar Pradesh,24156578.0,3868.0,2040.0,955.0,873.0,16.012201728241475
Mahasamund,Chhattisgarh,10775532.0,2130.0,1132.0,557.0,441.0,19.76700547128439
Mahbubnagar,_Andhrapradesh,23448482.0,25199.0,9226.0,10389.0,5584.0,107.46537878230241
Mahendragarh,Gujrat,5867692.0,2105.0,1044.0,558.0,503.0,35.87441194936612
Mahesana,Haryana,24833515.0,12858.0,7448.0,3466.0,1944.0,51.77680243815666
Mahisagar,Haryana,13319158.0,5191.0,3037.0,1351.0,803.0,38.97393513914319
Mahoba,Uttar Pradesh,7960812.0,2524.0,1329.0,652.0,543.0,31.70530845345927
Mahrajganj,Uttar Pradesh,335942.0,354.0,183.0,88.0,83.0,105.37533264670687
Maihar,Manipur,2674374.0,2315.0,1301.0,576.0,438.0,86.56231327405965
Mainpuri,Uttar Pradesh,26761235.0,5867.0,3144.0,1481.0,1242.0,21.9235024093619
Majuli,_Assam,16228.0,130.0,86.0,35.0,9.0,801.0845452304658
Malappuram,,76802636.0,13414.0,0.0,7750.0,5664.0,17.465546364840915
Malda,Westbengal,5024680.0,7014.0,5365.0,0.0,1649.0,139.59097892801134
Maldah,Westbengal,4805668.0,6190.0,4627.0,0.0,1563.0,128.8062346379317
Malerkotla,Punjab,492779.0,858.0,574.0,284.0,0.0,174.11456251179536
Malkangiri,Odisha,12943488.0,2717.0,1516.0,750.0,451.0,20.991250580987135
Mamit,Mizoram,376347.0,1016.0,649.0,233.0,134.0,269.96362399593994
Mammit,Mizoram,107254.0,523.0,370.0,103.0,50.0,487.62750107222104
Mandi,Himachalpradesh,1584448.0,14917.0,9339.0,3849.0,1729.0,941.4635254675445
Mandla,Manipur,16373861.0,5742.0,3095.0,1436.0,1211.0,35.068088094799386
Mandsaur,Manipur,18104300.0,6163.0,3338.0,1481.0,1344.0,34.04163651729147
Mandya,Karnataka,26207391.0,12270.0,7238.0,3147.0,1885.0,46.818853505867864
Manendragarh–Chirmiri–Bharatpur,Chhattisgarh,550571.0,514.0,296.0,140.0,78.0,93.35762326748049
Mansa,Punjab,4812091.0,2339.0,1538.0,801.0,0.0,48.60672834325037
Marigaon,_Assam,16746379.0,4975.0,2727.0,1201.0,1047.0,29.707914767723818
Mathura,Uttar Pradesh,27514305.0,9154.0,4842.0,2332.0,1980.0,33.26996629571417
Mau,Uttar Pradesh,24498112.0,7280.0,3928.0,1865.0,1487.0,29.71657570999757
Mauganj,Manipur,3384860.0,2357.0,1337.0,565.0,455.0,69.6336037531833
Mayiladuthurai,Tamilnadu,3344211.0,6951.0,4410.0,1771.0,770.0,207.85171749031386
Mayurbhanj,Odisha,38012810.0,19425.0,10650.0,5406.0,3369.0,51.10119457098804
Medak,_Andhrapradesh,34817371.0,27084.0,7579.0,12698.0,6807.0,77.78875665253416
Meerut,Uttar Pradesh,25570561.0,7626.0,3983.0,1953.0,1690.0,29.823358196951563
Meluri,Nagaland,300904.0,393.0,302.0,91.0,0.0,130.60643926302075
Mewat,Gujrat,5645772.0,938.0,437.0,252.0,249.0,16.614202628090542
Mirzapur,Uttar Pradesh,37626659.0,5669.0,3020.0,1452.0,1197.0,15.066445309428083
Moga,Punjab,7571514.0,5152.0,3366.0,1786.0,0.0,68.04451527131826
Mohali,Punjab,95049.0,553.0,380.0,172.0,1.0,581.8051741733211
Mohla-Manpur-Ambagarh Chouki,Chhattisgarh,2429900.0,1450.0,860.0,410.0,180.0,59.673237581793494
Mokokchung,Nagaland,2205108.0,1799.0,1381.0,418.0,0.0,81.58330567028916
Mon,Nagaland,2659434.0,1476.0,1099.0,377.0,0.0,55.50053131606199
Moradabad,Uttar Pradesh,56340726.0,8340.0,4517.0,2145.0,1678.0,14.802791146141782
Morbi,Haryana,4942341.0,3737.0,2015.0,983.0,739.0,75.61194179033782
Morena,Manipur,21955286.0,3691.0,1929.0,886.0,876.0,16.811441217390655
Muktsar,Punjab,4721346.0,3856.0,2590.0,1266.0,0.0,81.67162499846442
Mumbai,Maharashtra,7847776.0,27905.0,16121.0,6944.0,4840.0,355.5784466834935
Mumbai City,Maharashtra,8282160.0,9922.0,5824.0,2535.0,1563.0,119.79966578766891
Mumbai Suburban,Maharashtra,9524484.0,15684.0,8994.0,3822.0,2868.0,164.67033804665954
Mumbai( Sub Urban ),Maharashtra,238385.0,3265.0,1919.0,781.0,565.0,1369.6331564486022
Mungeli,Chhattisgarh,7808297.0,3305.0,1835.0,872.0,598.0,42.32677112563725
Munger,_Bihar,22479303.0,4600.0,2497.0,1209.0,894.0,20.46326792249742
Murshidabad,Westbengal,41462915.0,19500.0,14514.0,0.0,4986.0,47.02997847594652
Muzaffarnagar,Uttar Pradesh,36076121.0,8706.0,4626.0,2236.0,1844.0,24.132306242126198
Muzaffarpur,_Bihar,80684641.0,15411.0,8171.0,4097.0,3143.0,19.100289483843646
Mysore,Karnataka,15318664.0,18013.0,11335.0,4534.0,2144.0,117.58858344304699
Mysuru,Karnataka,19862443.0,14539.0,9229.0,3573.0,1737.0,73.1984479451999
N. T. R,_Andhrapradesh,7484774.0,6662.0,3930.0,1821.0,911.0,89.00736348218396
NAYAGARH,Odisha,573435.0,288.0,172.0,77.0,39.0,50.22365220120851
NUAPADA,Odisha,552498.0,80.0,64.0,15.0,1.0,14.47969042421873
Nabarangapur,Odisha,14432261.0,4881.0,2563.0,1296.0,1022.0,33.82006464544953
Nadia,Westbengal,22175129.0,16967.0,12648.0,0.0,4319.0,76.5136473388723
Nagaon,_Assam,27118927.0,10695.0,5952.0,2667.0,2076.0,39.43740104466522
Nagapattinam,Tamilnadu,15253239.0,22935.0,14057.0,6055.0,2823.0,150.36150682487832
Nagaur,Rajasthan,33064663.0,14441.0,7540.0,4049.0,2852.0,43.675025509862294
Nagpur,Maharashtra,29540100.0,18800.0,10711.0,4657.0,3432.0,63.64230317432913
Nainital,Uttarakhand,16364735.0,6098.0,3490.0,1675.0,933.0,37.2630537555298
Nalanda,_Bihar,40585084.0,10314.0,5474.0,2734.0,2106.0,25.413277449419596
Nalbari,_Assam,10450901.0,7337.0,4278.0,1894.0,1165.0,70.2044732793852
Nalgonda,_Andhrapradesh,35125260.0,24838.0,8460.0,10810.0,5568.0,70.71264383523425
Namakkal,Tamilnadu,19473467.0,17624.0,10060.0,4775.0,2789.0,90.50263109286087
Namsai,_Arunachalpradesh,279855.0,350.0,223.0,85.0,42.0,125.0647656822283
Nanded,Maharashtra,36488369.0,12462.0,6979.0,3106.0,2377.0,34.15334897539542
Nandurbar,Maharashtra,9219753.0,4356.0,2480.0,983.0,893.0,47.24638501703896
Nandurbar *,Maharashtra,6709566.0,2262.0,1331.0,499.0,432.0,33.71305983129162
Nandyal,_Andhrapradesh,10060471.0,7928.0,4642.0,2091.0,1195.0,78.80346755137012
Narayanpur,Chhattisgarh,1482590.0,739.0,448.0,179.0,112.0,49.845203326610864
Narmada,Haryana,9597709.0,3221.0,1833.0,866.0,522.0,33.56009230952928
Narmadapuram,Manipur,5778524.0,4273.0,2462.0,1025.0,786.0,73.94621879220368
Narsimhapur,Manipur,5375485.0,5019.0,2822.0,1203.0,994.0,93.36831932374474
Narsinghpur,Manipur,8316651.0,3464.0,1991.0,827.0,646.0,41.65138106672986
Nashik,Maharashtra,55744678.0,21427.0,11965.0,5250.0,4212.0,38.43775005750325
Navsari,Haryana,17312791.0,9689.0,5776.0,2752.0,1161.0,55.964402273440484
Nawada,_Bihar,30424795.0,7377.0,3830.0,1902.0,1645.0,24.246671177242114
Nawanshahr,Punjab,4756533.0,4759.0,3318.0,1441.0,0.0,100.05186550792352
Nayagarh,Odisha,14763675.0,7739.0,4549.0,2104.0,1086.0,52.41919779458705
Neemuch,Manipur,6656388.0,3974.0,2225.0,943.0,806.0,59.7020486185601
Nellore,_Andhrapradesh,21553181.0,23598.0,14314.0,6381.0,2903.0,109.48731883242664
New Delhi,Delhi,1089714.0,572.0,326.0,163.0,83.0,52.490837045316475
Nicobar,Andaman And Nicobar,525340.0,726.0,550.0,135.0,41.0,138.19621578406364
Niwari,Manipur,3105355.0,2404.0,1436.0,599.0,369.0,77.41465951557873
Nizamabad,_Andhrapradesh,29062274.0,15625.0,4537.0,7119.0,3969.0,53.76385894648161
Noklak,Nagaland,274215.0,536.0,386.0,150.0,0.0,195.46706051820652
North,Sikkim,171024.0,128.0,94.0,28.0,6.0,74.84329684722613
North 24 Parganas,Westbengal,29447297.0,29380.0,23119.0,0.0,6261.0,99.77146629111664
North And Middle Andaman,Andaman And Nicobar,1433283.0,1586.0,1128.0,332.0,126.0,110.65504858426424
North Cachar Hills,_Assam,2247359.0,2048.0,1204.0,553.0,291.0,91.12918763757814
North Delhi,Delhi,4260788.0,1413.0,707.0,380.0,326.0,33.162879730228305
North Dinajpur,Westbengal,233009.0,1831.0,1358.0,0.0,473.0,785.8065568282769
North East Delhi,Delhi,7019316.0,263.0,194.0,55.0,14.0,3.746803819631428
North Garo Hills,Meghalaya,2789061.0,2173.0,1245.0,545.0,383.0,77.91152649583498
North Goa,Goa,11247094.0,12449.0,8256.0,3193.0,1000.0,110.6863692968157
North Sikkim,Sikkim,684683.0,1295.0,887.0,323.0,85.0,189.13862327529674
North Tripura,Tripura,3644450.0,6330.0,3745.0,1729.0,856.0,173.68875962079326
North Twenty Four Parganas,Westbengal,6665925.0,8756.0,6902.0,0.0,1854.0,131.35461320071857
North West Delhi,Delhi,49540051.0,7030.0,3595.0,1878.0,1557.0,14.190538479663656
Nuapada,Odisha,9697449.0,2749.0,1499.0,714.0,536.0,28.347661328252407
Osmanabad,Maharashtra,7512461.0,6791.0,4030.0,1760.0,1001.0,90.39647593511633
Pakaur,Jharkhand,6787813.0,1622.0,890.0,433.0,299.0,23.895767311209074
Pakur,Jharkhand,4355843.0,1006.0,584.0,272.0,150.0,23.095414595980618
Palakkad,,54873818.0,13261.0,0.0,8741.0,4520.0,24.166351974998346
Palamau,Jharkhand,5073062.0,1196.0,663.0,319.0,214.0,23.575505286550804
Palamu,Jharkhand,17250302.0,4467.0,2519.0,1182.0,766.0,25.895198820287323
Palghar,Maharashtra,6057608.0,8886.0,5161.0,2209.0,1516.0,146.69156538356395
Pali,Rajasthan,23323483.0,13245.0,7035.0,3561.0,2649.0,56.7882592835727
Palnadu,_Andhrapradesh,9490994.0,8068.0,4713.0,2139.0,1216.0,85.00690233288526
Palwal,Gujrat,3506167.0,1335.0,667.0,340.0,328.0,38.07576764027498
Panch Mahals,Haryana,3256923.0,1184.0,673.0,305.0,206.0,36.35333104282785
Panchkula,Gujrat,5330331.0,4469.0,2505.0,1299.0,665.0,83.84094721322184
Panchmahals,Haryana,17802407.0,6721.0,3844.0,1733.0,1144.0,37.75332178395877
Pandhurna,Manipur,1477583.0,1272.0,783.0,320.0,169.0,86.0865345635406
Panipat,Gujrat,5386911.0,3434.0,1815.0,954.0,665.0,63.74710850058596
Panna,Manipur,16911508.0,3796.0,2087.0,895.0,814.0,22.446253758091828
Papum Pare,_Arunachalpradesh,1013931.0,2307.0,1469.0,557.0,281.0,227.53027572882178
Parbhani,Maharashtra,15513702.0,5090.0,2831.0,1261.0,998.0,32.80970589740605
Parvathipuram Manyam,_Andhrapradesh,5234348.0,5204.0,3191.0,1413.0,600.0,99.42021432277717
Paschim Bardhaman,Westbengal,12750147.0,6860.0,6066.0,0.0,794.0,53.80330124821306
Paschim Medinipur,Westbengal,3198572.0,19975.0,15647.0,0.0,4328.0,624.4974319790206
Pashchim Champaran,_Bihar,23105400.0,2825.0,1514.0,749.0,562.0,12.226579068096635
Pashchimi Singhbhum,Jharkhand,2670819.0,590.0,357.0,136.0,97.0,22.090602171094336
Patan,Haryana,13587611.0,5484.0,3029.0,1457.0,998.0,40.3602958606925
Pathanamthitta,,26178606.0,7837.0,0.0,5981.0,1856.0,29.93665896495787
Pathankot,Punjab,3125329.0,3392.0,2245.0,1147.0,0.0,108.53257369064185
Patiala,Punjab,10545955.0,3803.0,2478.0,1325.0,0.0,36.06121968091084
Patna,_Bihar,77541763.0,20293.0,10898.0,5382.0,4013.0,26.17041348415047
Pauri Garhwal,Uttarakhand,9860461.0,10273.0,6648.0,2708.0,917.0,104.18376990690395
Perambalur,Tamilnadu,6991341.0,8125.0,4681.0,2095.0,1349.0,116.21518675744754
Peren,Nagaland,918735.0,1077.0,779.0,298.0,0.0,117.22640369638688
Phalodi,Rajasthan,853541.0,346.0,181.0,97.0,68.0,40.537009938596974
Phek,Nagaland,1403709.0,729.0,535.0,194.0,0.0,51.93384098841
Pherzawl,Madhyapradesh,4822860.0,721.0,486.0,230.0,5.0,14.949635693343783
Pilibhit,Uttar Pradesh,7957479.0,1640.0,898.0,417.0,325.0,20.609542293482647
Pithoragarh,Uttarakhand,8615294.0,6488.0,3898.0,1823.0,767.0,75.30793493524423
Pondicherry,Pondicherry,8609008.0,21665.0,13302.0,5077.0,3286.0,251.65501065860317
Porbandar,Haryana,4759381.0,3241.0,1854.0,887.0,500.0,68.09709077714098
Prakasam,_Andhrapradesh,46230473.0,30137.0,17625.0,8100.0,4412.0,65.18860406208692
Pratapgarh,Uttar Pradesh,52076844.0,16798.0,8952.0,4382.0,3464.0,32.25617896506939
Prayagraj,Uttar Pradesh,20961336.0,8240.0,4642.0,2198.0,1400.0,39.31047143178278
Puducherry,Puducherry,3482499.0,1211.0,613.0,373.0,225.0,34.77387933205436
Pudukkottai,Tamilnadu,22082117.0,16599.0,9391.0,4308.0,2900.0,75.16942329397132
Pulwama,Jammu And Kashmir,3535653.0,2973.0,1703.0,750.0,520.0,84.08630598081882
Punch,Jammu And Kashmir,2836550.0,2081.0,1108.0,521.0,452.0,73.36376936771782
Pune,Maharashtra,69937857.0,40940.0,23291.0,10135.0,7514.0,58.537681530619395
Purba Bardhaman,Westbengal,4257976.0,5504.0,4374.0,0.0,1130.0,129.2632931702762
Purba Champaran,_Bihar,9361357.0,3021.0,1597.0,811.0,613.0,32.27096242563979
Purba Medinipur,Westbengal,6523558.0,16237.0,12891.0,0.0,3346.0,248.8979173635001
Purbi Singhbhum,Jharkhand,16645129.0,5961.0,3471.0,1499.0,991.0,35.81227877537026
Puri,Odisha,22034032.0,12251.0,7207.0,3472.0,1572.0,55.60035494184633
Purnea,_Bihar,9597731.0,1666.0,902.0,438.0,326.0,17.358269365957433
Purnia,_Bihar,56343756.0,7147.0,3810.0,1843.0,1494.0,12.684635365806995
Purulia,Westbengal,862374.0,3196.0,2441.0,0.0,755.0,370.60486517450664
Puruliya,Westbengal,4914813.0,8677.0,6666.0,0.0,2011.0,176.5479174894345
Rae Bareli,Uttar Pradesh,26878937.0,10250.0,5540.0,2694.0,2016.0,38.13394852631263
Raebareli,Uttar Pradesh,949873.0,326.0,172.0,86.0,68.0,34.32037756626412
Raichur,Karnataka,22863173.0,9981.0,5486.0,2436.0,2059.0,43.655357898048536
Raigad,Maharashtra,4377342.0,6273.0,3885.0,1645.0,743.0,143.30614331710888
Raigarh,Maharashtra,26640742.0,21366.0,12919.0,5571.0,2876.0,80.20046889084395
Raigarh(MH),Maharashtra,2307619.0,1964.0,1111.0,489.0,364.0,85.10937030766344
Raipur,Chhattisgarh,27585124.0,10483.0,5920.0,2808.0,1755.0,38.00236678290806
Raisen,Manipur,16011907.0,6053.0,3246.0,1483.0,1324.0,37.803117392575416
Rajgarh,Manipur,19773232.0,4651.0,2472.0,1135.0,1044.0,23.521698425426862
Rajkot,Haryana,22445502.0,13615.0,7776.0,3638.0,2201.0,60.65803295466504
Rajnandgaon,Chhattisgarh,13979670.0,3636.0,2037.0,1001.0,598.0,26.009197642004427
Rajouri,Jammu And Kashmir,2633798.0,4045.0,2299.0,1017.0,729.0,153.58049478357867
Rajsamand,Rajasthan,20631905.0,9112.0,4905.0,2504.0,1703.0,44.16460816390924
Ramanagar,Karnataka,4818293.0,3333.0,1982.0,956.0,395.0,69.17387547830737
Ramanathapuram,Tamilnadu,16282756.0,15384.0,8978.0,4116.0,2290.0,94.4803201620168
Ramban,Jammu And Kashmir,474435.0,1116.0,640.0,281.0,195.0,235.22716494356445
Ramgarh,Jharkhand,7119939.0,6472.0,3772.0,1756.0,944.0,90.89965517963006
Rampur,Uttar Pradesh,32901076.0,2553.0,1322.0,655.0,576.0,7.759624639631847
Ranchi,Jharkhand,42708041.0,9295.0,5129.0,2425.0,1741.0,21.764051411302148
Rangareddi,_Andhrapradesh,15911480.0,17899.0,6220.0,7360.0,4319.0,112.49110704975276
Ranipet,Tamilnadu,3324046.0,3409.0,2051.0,886.0,472.0,102.55574080503098
Ratlam,Manipur,10494254.0,3929.0,2105.0,954.0,870.0,37.439535959392636
Ratnagiri,Maharashtra,18176121.0,16669.0,10541.0,4438.0,1690.0,91.70823631730885
Rayagada,Odisha,15038919.0,5880.0,3264.0,1669.0,947.0,39.098554889483744
Reasi,Jammu And Kashmir,2058846.0,2967.0,1737.0,760.0,470.0,144.10985571528903
Rewa,Manipur,26694493.0,9731.0,5392.0,2379.0,1960.0,36.45321152943418
Rewari,Gujrat,7616531.0,4378.0,2308.0,1234.0,836.0,57.4802360812291
Ri Bhoi,Meghalaya,2187482.0,2025.0,1195.0,449.0,381.0,92.57219030830882
Rohtak,Gujrat,5771777.0,4630.0,2552.0,1228.0,850.0,80.21792941757798
Rohtas,_Bihar,52022047.0,10753.0,5715.0,2888.0,2150.0,20.670082436394708
Rudraprayag,Uttarakhand,5244786.0,3044.0,1775.0,801.0,468.0,58.03859299502401
Rupnagar,Punjab,5441693.0,5350.0,3528.0,1822.0,0.0,98.314991308771
S.A.S Nagar(Mohali),Punjab,1881135.0,3122.0,2118.0,1004.0,0.0,165.96363365733984
SAS Nagar (Mohali),Punjab,2404844.0,2880.0,1957.0,923.0,0.0,119.75828785567796
Sabar Kantha,Haryana,1990436.0,1679.0,1021.0,431.0,227.0,84.35337785289254
Sabarkantha,Haryana,18972954.0,10261.0,5769.0,2795.0,1697.0,54.08224781444155
Sagar,Manipur,27252151.0,8014.0,4358.0,1910.0,1746.0,29.40685305904844
Saharanpur,Uttar Pradesh,34025125.0,8332.0,4483.0,2196.0,1653.0,24.487786598873626
Saharsa,_Bihar,30535879.0,6059.0,3172.0,1576.0,1311.0,19.84223214926939
Sahebganj,Jharkhand,12240707.0,4980.0,2813.0,1316.0,851.0,40.68392454782228
Sahibganj,Jharkhand,2235916.0,1238.0,680.0,336.0,222.0,55.36880634156203
Saiha,Mizoram,611128.0,966.0,500.0,208.0,258.0,158.06835883808301
Saitual,Mizoram,424459.0,736.0,434.0,170.0,132.0,173.3971950176578
Sakti,Chhattisgarh,1522844.0,1328.0,745.0,376.0,207.0,87.20525542997181
Salem,Tamilnadu,30508726.0,23162.0,12818.0,6052.0,4292.0,75.91926322980514
Samastipur,_Bihar,50100348.0,10771.0,5741.0,2805.0,2225.0,21.498852662660145
Samba,Jammu And Kashmir,1003359.0,1960.0,1220.0,507.0,233.0,195.34384004130126
Sambalpur,Odisha,15121383.0,8185.0,4683.0,2313.0,1189.0,54.12864683078261
Sambhal,Uttar Pradesh,23443242.0,4073.0,2284.0,1048.0,741.0,17.373876872490587
Samstipur,_Bihar,12856506.0,2753.0,1477.0,716.0,560.0,21.41328289350155
Sangli,Maharashtra,30585827.0,16101.0,9661.0,4108.0,2332.0,52.64202926407712
Sangrur,Punjab,7196171.0,5127.0,3353.0,1774.0,0.0,71.24622247025536
Sant Kabir Nagar,Uttar Pradesh,27075191.0,6647.0,3588.0,1668.0,1391.0,24.55014998786158
Sant Ravidas Nagar,Uttar Pradesh,5499686.0,3883.0,2189.0,1003.0,691.0,70.60403084830662
Sant Ravidas Nagar Bhadohi,Uttar Pradesh,1385377.0,745.0,412.0,194.0,139.0,53.77597578132161
Saran,_Bihar,54214980.0,16467.0,8591.0,4328.0,3548.0,30.37352407028463
Sarangarh-Bilaigarh,Chhattisgarh,3405511.0,2474.0,1405.0,719.0,350.0,72.64695371707799
Satara,Maharashtra,36538380.0,20312.0,12242.0,5259.0,2811.0,55.59086089750011
Satna,Manipur,18100021.0,7281.0,3963.0,1766.0,1552.0,40.226472665418456
Sawai Madhopur,Rajasthan,17161594.0,8121.0,4309.0,2192.0,1620.0,47.32077917703915
Sehore,Manipur,16492980.0,5417.0,2981.0,1353.0,1083.0,32.844276777150036
Senapati,Madhyapradesh,10493762.0,7575.0,4400.0,2157.0,1018.0,72.18574234864485
Seoni,Manipur,18069262.0,5144.0,2723.0,1287.0,1134.0,28.468235171973266
Sepahijala,Tripura,2670266.0,2678.0,1555.0,762.0,361.0,100.28963406641884
Seraikela-Kharsawan,Jharkhand,10411936.0,6686.0,3849.0,1779.0,1058.0,64.21476274921397
Seraikela-kharsawan,Jharkhand,5143572.0,3868.0,2192.0,1014.0,662.0,75.20065821961857
Serchhip,Mizoram,278565.0,1128.0,703.0,257.0,168.0,404.93242151741964
Shahdara,Delhi,4719910.0,1074.0,553.0,294.0,227.0,22.754671169577385
Shahdol,Manipur,15506177.0,3654.0,1999.0,895.0,760.0,23.564802594475736
Shaheed Bhagat Singh Nagar,Punjab,3898893.0,5864.0,4160.0,1704.0,0.0,150.40166529319987
Shahjahanpur,Uttar Pradesh,34599884.0,5376.0,2751.0,1393.0,1232.0,15.537624345792606
Shajapur,Manipur,13463794.0,5160.0,2849.0,1251.0,1060.0,38.32500705224694
Shamli,Uttar Pradesh,4011684.0,2219.0,1180.0,563.0,476.0,55.31342947251079
Sheikhpura,_Bihar,10160194.0,3588.0,1988.0,948.0,652.0,35.31428632169819
Sheohar,_Bihar,11592566.0,2791.0,1460.0,734.0,597.0,24.075774077973765
Sheopur,Manipur,9216674.0,1943.0,1047.0,463.0,433.0,21.08135754828694
Shi-yomi,_Arunachalpradesh,168228.0,281.0,186.0,74.0,21.0,167.0352141141784
Shimla,Himachalpradesh,6261760.0,13209.0,8377.0,3595.0,1237.0,210.94708197056417
Shimoga,Karnataka,9573620.0,13771.0,8611.0,3419.0,1741.0,143.84318575418703
Shivamogga,Karnataka,7956964.0,11688.0,7491.0,2926.0,1271.0,146.89019580835102
Shivpuri,Manipur,28327783.0,7374.0,4066.0,1744.0,1564.0,26.03098166912674
Shrawasti,Uttar Pradesh,28525245.0,5624.0,3056.0,1446.0,1122.0,19.715869223910257
Shupiyan,Jammu And Kashmir,1068042.0,606.0,341.0,162.0,103.0,56.73934171128102
Siang,_Arunachalpradesh,354010.0,795.0,515.0,189.0,91.0,224.5699274031807
Sibsagar,_Assam,9749349.0,6497.0,3887.0,1683.0,927.0,66.64034696060219
Siddharthnagar,Uttar Pradesh,31412293.0,5894.0,3108.0,1475.0,1311.0,18.76335484327744
Sidhi,Manipur,15112483.0,3745.0,2084.0,918.0,743.0,24.78083846314335
Sikar,Rajasthan,30182761.0,17069.0,9141.0,4638.0,3290.0,56.552149089342755
Simdega,Jharkhand,6814502.0,2569.0,1448.0,680.0,441.0,37.69901307535019
Sindhudurg,Maharashtra,9783834.0,10684.0,6783.0,3001.0,900.0,109.20054449002303
Singrauli,Manipur,31881051.0,3253.0,1888.0,779.0,586.0,10.20355320155537
Sirmaur,Himachalpradesh,408439.0,4841.0,2796.0,1300.0,745.0,1185.2443082075904
Sirohi,Rajasthan,14162956.0,5901.0,3073.0,1581.0,1247.0,41.66503094410517
Sirsa,Gujrat,6991064.0,3905.0,1966.0,1095.0,844.0,55.85701976122662
Sitamarhi,_Bihar,44808686.0,7261.0,3679.0,1871.0,1711.0,16.204447503771924
Sitapur,Uttar Pradesh,52036526.0,8115.0,4151.0,2033.0,1931.0,15.59481507278176
Sivaganga,Tamilnadu,15655363.0,17427.0,10436.0,4471.0,2520.0,111.31648624180737
Siwan,_Bihar,62139615.0,14258.0,7509.0,3745.0,3004.0,22.94510514749729
Solan,Himachalpradesh,3452769.0,6958.0,4418.0,1763.0,777.0,201.51941818291348
Solapur,Maharashtra,42980352.0,19583.0,11297.0,4898.0,3388.0,45.56267943082458
Sonapur,Odisha,3522715.0,2687.0,1502.0,742.0,443.0,76.27639476937532
Sonbhadra,Uttar Pradesh,20326275.0,5608.0,3121.0,1497.0,990.0,27.58990518429963
Sonipat,Gujrat,8942094.0,5732.0,2912.0,1598.0,1222.0,64.1013167609287
Sonitpur,_Assam,18332375.0,11398.0,6558.0,2883.0,1957.0,62.17415910377134
South,Sikkim,142758.0,668.0,477.0,151.0,40.0,467.92473976939993
South 24 Parganas,Westbengal,20687040.0,20075.0,15265.0,0.0,4810.0,97.04143270376042
South Andaman,Andaman And Nicobar,2270339.0,5184.0,3704.0,1177.0,303.0,228.3359445439646
South Delhi,Delhi,30938665.0,5683.0,2904.0,1542.0,1237.0,18.36860123085466
South Dinajpur,Westbengal,63558.0,1299.0,1001.0,0.0,298.0,2043.8025110922306
South East Delhi,Delhi,131952.0,645.0,335.0,188.0,122.0,488.81411422335395
South Garo Hills,Meghalaya,2092626.0,1495.0,854.0,355.0,286.0,71.4413373436056
South Goa,Goa,6788412.0,9928.0,6670.0,2525.0,733.0,146.24922588670222
South Salmara Mankachar,_Assam,3396385.0,1299.0,689.0,301.0,309.0,38.24654743204908
South Sikkim,Sikkim,1131936.0,2984.0,1965.0,788.0,231.0,263.61914454527465
South Tripura,Tripura,5377883.0,5270.0,3079.0,1474.0,717.0,97.99395040762323
South Twenty Four Parganas,Westbengal,16517747.0,7623.0,5930.0,0.0,1693.0,46.1503617896557
South West Delhi,Delhi,15528219.0,10142.0,5384.0,2857.0,1901.0,65.31334984391964
South West Garo Hills,Meghalaya,1039915.0,1078.0,631.0,264.0,183.0,103.66231855488188
South West Khasi Hills,Meghalaya,975298.0,1030.0,605.0,235.0,190.0,105.60874727519177
Sri Muktsar Sahib,Punjab,3155198.0,2596.0,1720.0,876.0,0.0,82.2769284209739
Sri Potti Sriramulu Nellore,_Andhrapradesh,12037596.0,9133.0,5402.0,2461.0,1270.0,75.87063064751466
Sri Sathya Sai,_Andhrapradesh,4634006.0,8127.0,5183.0,2198.0,746.0,175.3774164297586
Sribhumi,_Assam,9631411.0,3716.0,2136.0,1001.0,579.0,38.58209352710626
Srikakulam,_Andhrapradesh,32471221.0,19531.0,11429.0,5355.0,2747.0,60.14864670472354
Srinagar,Jammu And Kashmir,3828275.0,8309.0,4698.0,2163.0,1448.0,217.04292403236445
Subarnapur,Odisha,1997261.0,1402.0,794.0,406.0,202.0,70.196133604972
Sukma,Chhattisgarh,1609619.0,676.0,356.0,182.0,138.0,41.99751618240093
Sultanpur,Uttar Pradesh,26282552.0,9325.0,5073.0,2391.0,1861.0,35.47981185388694
Sundargarh,Odisha,12945257.0,7777.0,4679.0,2172.0,926.0,60.07605719994589
Sundergarh,Odisha,15582669.0,17116.0,10598.0,4719.0,1799.0,109.8399767074562
Supaul,_Bihar,29030385.0,6320.0,3315.0,1650.0,1355.0,21.770293435653713
Surajpur,Chhattisgarh,5091897.0,1766.0,966.0,460.0,340.0,34.682555440536206
Surat,Haryana,31210717.0,22025.0,12607.0,5965.0,3453.0,70.56870881883297
Surendra Nagar,Haryana,18265291.0,9367.0,5325.0,2503.0,1539.0,51.2830592187116
Surendranagar,Haryana,4377071.0,1537.0,849.0,392.0,296.0,35.114806225441626
Surguja,Chhattisgarh,17629887.0,5159.0,2796.0,1374.0,989.0,29.26280809400537
Tamenglong,Madhyapradesh,774940.0,1395.0,773.0,383.0,239.0,180.01393656283068
Tamulpur District,_Assam,970685.0,538.0,311.0,137.0,90.0,55.42477734795531
Tapi,Haryana,13628966.0,5379.0,3107.0,1374.0,898.0,39.46741080724686
Tarn Taran,Punjab,6315011.0,6631.0,4386.0,2245.0,0.0,105.0037759237474
Tawang,_Arunachalpradesh,418569.0,869.0,555.0,207.0,107.0,207.612126077182
Tehri Garhwal,Uttarakhand,10592789.0,6702.0,3853.0,1820.0,1029.0,63.269456231026595
Tenkasi,Tamilnadu,4477141.0,8067.0,4840.0,2104.0,1123.0,180.18195093699305
Thane,Maharashtra,26078804.0,27058.0,15643.0,6644.0,4771.0,103.75475807862966
Thanjavur,Tamilnadu,25031260.0,27276.0,15957.0,7082.0,4237.0,108.96774672948945
The Dangs,Haryana,2534714.0,1320.0,796.0,326.0,198.0,52.076881257609344
The Nilgiris,Tamilnadu,6312162.0,10830.0,6797.0,2816.0,1217.0,171.573543264574
Theni,Tamilnadu,9532356.0,8809.0,4997.0,2274.0,1538.0,92.41157170378446
Thiruvallur,Tamilnadu,5681748.0,5464.0,3260.0,1440.0,764.0,96.16758786204527
Thiruvananthapuram,,67821664.0,13118.0,0.0,8682.0,4436.0,19.34190231605052
Thiruvarur,Tamilnadu,14594914.0,17607.0,10336.0,4720.0,2551.0,120.63791537243728
Thoothukkudi,Tamilnadu,20548903.0,22231.0,13407.0,5842.0,2982.0,108.1858238369221
Thoubal,Madhyapradesh,690414.0,669.0,418.0,195.0,56.0,96.89838270950473
Thrissur,,57649918.0,15880.0,0.0,10869.0,5011.0,27.54557257132612
Tikamgarh,Manipur,12518196.0,4453.0,2483.0,1072.0,898.0,35.57221823336206
Tinsukia,_Assam,14836228.0,7601.0,4241.0,1963.0,1397.0,51.23269876952551
Tirap,_Arunachalpradesh,1037130.0,1386.0,987.0,315.0,84.0,133.63802030603685
Tiruchirappalli,Tamilnadu,23819776.0,22948.0,13056.0,5868.0,4024.0,96.34011671646283
Tirunelveli,Tamilnadu,20463269.0,32432.0,19012.0,8477.0,4943.0,158.48885141469822
Tirupathur,Tamilnadu,651574.0,768.0,430.0,207.0,131.0,117.86842323358513
Tirupati,_Andhrapradesh,11364437.0,7116.0,4190.0,1928.0,998.0,62.61638829974596
Tirupattur,Tamilnadu,7963060.0,10884.0,6391.0,2861.0,1632.0,136.68112509512676
Tiruppur,Tamilnadu,20314032.0,17064.0,9892.0,4412.0,2760.0,84.00104912702707
Tiruvallur,Tamilnadu,26275185.0,23265.0,13459.0,6111.0,3695.0,88.54362014958221
Tiruvannamalai,Tamilnadu,28388558.0,19271.0,10763.0,4976.0,3532.0,67.88298299617755
Tonk,Rajasthan,16687156.0,5179.0,2722.0,1379.0,1078.0,31.035845772640947
Tuensang,Nagaland,899229.0,722.0,522.0,200.0,0.0,80.29100484971013
Tumakuru,Karnataka,14337613.0,17443.0,10687.0,4475.0,2281.0,121.65902371615137
Tumkur,Karnataka,10111358.0,14582.0,9057.0,3698.0,1827.0,144.21406105886075
Udaipur,Rajasthan,36465428.0,12156.0,6453.0,3334.0,2369.0,33.335684418677324
Udalguri,_Assam,13726855.0,6474.0,3678.0,1618.0,1178.0,47.16302459667564
Udham Singh Nagar,Uttarakhand,15234668.0,4714.0,2683.0,1272.0,759.0,30.94258437400802
Udhampur,Jammu And Kashmir,4068756.0,5624.0,3193.0,1399.0,1032.0,138.2240665205778
Udupi,Karnataka,15320011.0,18113.0,11163.0,4855.0,2095.0,118.2309856043837
Ujjain,Manipur,17470257.0,6259.0,3347.0,1491.0,1421.0,35.826605183884816
Ukhrul,Madhyapradesh,2075701.0,1520.0,911.0,415.0,194.0,73.22827324359336
Umaria,Manipur,10508745.0,2115.0,1174.0,478.0,463.0,20.126094980894482
Una,Himachalpradesh,2839773.0,8783.0,5588.0,2222.0,973.0,309.28528442238166
Unakoti,Tripura,516258.0,2251.0,1342.0,646.0,263.0,436.02229892805536
Unnao,Uttar Pradesh,48974220.0,8681.0,4792.0,2199.0,1690.0,17.725652394259672
Upper Siang,_Arunachalpradesh,369259.0,658.0,447.0,171.0,40.0,178.19470886288485
Upper Subansiri,_Arunachalpradesh,850381.0,368.0,218.0,88.0,62.0,43.27472039003694
Uttar Bastar Kanker,Chhattisgarh,3150105.0,2415.0,1356.0,673.0,386.0,76.66411119629346
Uttar Dinajpur,Westbengal,1958580.0,4911.0,3726.0,0.0,1185.0,250.74288515148731
Uttara Kannada,Karnataka,17636810.0,18457.0,11553.0,4783.0,2121.0,104.6504441562845
Uttarkashi,Uttarakhand,5482329.0,3618.0,2099.0,990.0,529.0,65.99385042378887
Vadodara,Haryana,25071895.0,18874.0,10528.0,5013.0,3333.0,75.27951118174354
Vaishali,_Bihar,98144549.0,11935.0,6167.0,3103.0,2665.0,12.160634616600053
Valsad,Haryana,18901906.0,7820.0,4457.0,2151.0,1212.0,41.37148920325813
Varanasi,Uttar Pradesh,43245929.0,11380.0,6081.0,2943.0,2356.0,26.314615648561972
Vellore,Tamilnadu,23430412.0,23332.0,13558.0,6232.0,3542.0,99.57998177752913
Vidisha,Manipur,15666720.0,3579.0,1914.0,860.0,805.0,22.844603082202273
Vijayanagara,Karnataka,4622450.0,6080.0,3691.0,1477.0,912.0,131.53197979426494
Vijayapura,Karnataka,8950803.0,10252.0,5947.0,2600.0,1705.0,114.5372096782825
Villupuram,Tamilnadu,18894944.0,24408.0,14417.0,6510.0,3481.0,129.1774138097472
Viluppuram,Tamilnadu,15179580.0,19366.0,11195.0,5164.0,3007.0,127.57928743746533
Virudhunagar,Tamilnadu,21483997.0,15975.0,9258.0,4084.0,2633.0,74.3576718987626
Visakhapatnam,_Andhrapradesh,45141370.0,26041.0,15300.0,6942.0,3799.0,57.68765990044166
Vizianagaram,_Andhrapradesh,25269581.0,16539.0,9697.0,4489.0,2353.0,65.45023441425484
Warangal,_Andhrapradesh,32971424.0,34298.0,10250.0,17153.0,6895.0,104.02341130307262
Wardha,Maharashtra,16921029.0,4896.0,2901.0,1191.0,804.0,28.934410549145685
Washim,Maharashtra,7650689.0,3535.0,2140.0,864.0,531.0,46.20498885786627
Washim *,Maharashtra,4912917.0,1774.0,1038.0,448.0,288.0,36.10889416613389
Wayanad,,11686999.0,2175.0,0.0,1364.0,811.0,18.610423428632107
West,Sikkim,959574.0,1745.0,1113.0,433.0,199.0,181.85152994974854
West Champaran,_Bihar,37373281.0,4677.0,2476.0,1215.0,986.0,12.514287948119943
West Delhi,Delhi,46318162.0,3134.0,1569.0,853.0,712.0,6.76624430822622
West Garo Hills,Meghalaya,5813551.0,2576.0,1481.0,596.0,499.0,44.31026751119927
West Godavari,_Andhrapradesh,38647549.0,33979.0,20560.0,9570.0,3849.0,87.9201938523967
West Jaintia Hills,Meghalaya,2537914.0,1020.0,586.0,217.0,217.0,40.190487148106676
West Kameng,_Arunachalpradesh,1889029.0,2295.0,1522.0,556.0,217.0,121.49098822728502
West Khasi Hills,Meghalaya,1322289.0,715.0,405.0,169.0,141.0,54.07289934348694
West Midnapore,Westbengal,2618348.0,5734.0,4514.0,0.0,1220.0,218.99304446926078
West Nimar,Manipur,15277674.0,6336.0,3774.0,1388.0,1174.0,41.472281709899036
West Siang,_Arunachalpradesh,1525803.0,1979.0,1336.0,463.0,180.0,129.70219615507375
West Sikkim,Sikkim,214516.0,656.0,413.0,166.0,77.0,305.8046952208693
West Singhbhum,Jharkhand,12655429.0,5134.0,2974.0,1359.0,801.0,40.567569854803025
West Tripura,Tripura,7033153.0,9265.0,5476.0,2605.0,1184.0,131.73323543508863
Wokha,Nagaland,2933842.0,533.0,399.0,134.0,0.0,18.1673041697542
Y. S. R,_Andhrapradesh,9396064.0,10090.0,5927.0,2739.0,1424.0,107.385390308112
Yadgir,Karnataka,7299607.0,5100.0,2982.0,1218.0,900.0,69.86677501953187
Yamuna Nagar,Gujrat,6859031.0,3117.0,1678.0,840.0,599.0,45.44373687770182
Yamunanagar,Gujrat,3443838.0,979.0,522.0,270.0,187.0,28.427585734288314
Yavatmal,Maharashtra,27022671.0,9406.0,5183.0,2396.0,1827.0,34.80781007917389
Zunheboto,Nagaland,3060298.0,1686.0,1251.0,435.0,0.0,55.09267398142273
yadgir,Karnataka,7344777.0,3429.0,2040.0,802.0,587.0,46.68623703619592
