district,state,total_pincodes,rural_pincodes,desert_count,total_population,affected_population,mean_severity,desert_ratio
Pune,Maharashtra,150,92,25,45919593.0,26494201.0,57.79649465667977,0.2717391304347826
Pathanamthitta,,103,54,19,14691726.0,6768397.0,32.56710166048155,0.35185185185185186
Palakkad,,138,77,15,37152518.0,10950229.0,21.001721760859006,0.19480519480519481
Coimbatore,Tamilnadu,103,43,13,14974859.0,5886329.0,124.98312944512152,0.3023255813953488
Lucknow,Uttar Pradesh,56,23,13,18825043.0,17092233.0,63.73342462897855,0.5652173913043478
Patna,_Bihar,69,42,13,53294683.0,34506493.0,25.929709424644326,0.30952380952380953
Thiruvananthapuram,,129,41,13,33443824.0,10160576.0,24.631193254734576,0.3170731707317073
Ganjam,Odisha,81,53,13,44345056.0,20869824.0,38.98998852654217,0.24528301886792453
Chittoor,_Andhrapradesh,86,71,13,43175295.0,15913090.0,48.78207114603624,0.18309859154929578
Tirunelveli,Tamilnadu,109,66,12,14114837.0,5021001.0,146.1257534112293,0.18181818181818182
Nagpur,Maharashtra,68,42,12,19229436.0,11905654.0,63.97542477941184,0.2857142857142857
Kurnool,_Andhrapradesh,70,60,11,36678083.0,12488166.0,42.476194491379204,0.18333333333333332
Guntur,_Andhrapradesh,87,78,11,32911288.0,9308452.0,61.25167338270237,0.14102564102564102
Mayurbhanj,Odisha,65,64,11,37641272.0,16579346.0,30.496256725644425,0.171875
Bengaluru,Karnataka,63,23,11,8042235.0,6648953.0,330.6875264602729,0.4782608695652174
Mahesana,Haryana,51,31,11,17198275.0,11128639.0,59.14186642664293,0.3548387096774194
Bulandshahr,Uttar Pradesh,44,28,11,33394004.0,19027737.0,25.973289520391937,0.39285714285714285
Jalandhar,Punjab,65,53,10,10713687.0,4072346.0,89.01880134232074,0.18867924528301888
Jaipur,Rajasthan,83,61,10,45632919.0,14343720.0,31.188906706972666,0.16393442622950818
Ahmedabad,Haryana,49,22,10,9844910.0,6842758.0,140.71075493005617,0.45454545454545453
Cuttack,Odisha,65,45,10,28474386.0,10888158.0,50.79345908633873,0.2222222222222222
Thane,Maharashtra,75,40,10,18421574.0,13310009.0,105.00156656518702,0.25
Raigarh,Maharashtra,58,51,10,24524152.0,12575181.0,59.271379362206645,0.19607843137254902
Krishna,_Andhrapradesh,95,83,10,35770485.0,8065964.0,57.625305029673925,0.12048192771084337
Vadodara,Haryana,64,41,10,18239419.0,10206004.0,66.6082803911996,0.24390243902439024
Vaishali,_Bihar,35,18,9,49829291.0,36409800.0,15.390914682025047,0.5
Surat,Haryana,79,51,9,23486791.0,7465204.0,57.03151407088137,0.17647058823529413
Nagapattinam,Tamilnadu,70,66,9,14485911.0,3709738.0,92.53913877618407,0.13636363636363635
Jalgaon,Maharashtra,66,56,9,33015196.0,11902580.0,31.52281275957799,0.16071428571428573
Kottayam,,121,58,9,27299343.0,6473969.0,23.224154102080647,0.15517241379310345
Khorda,Odisha,42,27,9,17025148.0,13094398.0,72.5407027624168,0.3333333333333333
West Godavari,_Andhrapradesh,96,84,9,34986649.0,7182494.0,59.81253496326099,0.10714285714285714
Shimla,Himachalpradesh,57,47,8,5455600.0,2646542.0,149.36305352748667,0.1702127659574468
Kanpur Nagar,Uttar Pradesh,38,13,8,18162719.0,14602699.0,44.779071542759,0.6153846153846154
Nashik,Maharashtra,77,64,8,47128174.0,14228904.0,27.793633429701952,0.125
Visakhapatnam,_Andhrapradesh,69,36,8,23340580.0,8749820.0,65.11496807021507,0.2222222222222222
Thrissur,,168,34,8,41630902.0,5190914.0,21.832060443257816,0.23529411764705882
Bangalore,Karnataka,60,15,8,6626779.0,6386632.0,434.0939218389448,0.5333333333333333
Rangareddi,_Andhrapradesh,35,13,8,7884284.0,4806054.0,143.00210090795636,0.6153846153846154
Kangra,Himachalpradesh,102,16,8,193994.0,97558.0,9791.496630816744,0.5
Moradabad,Uttar Pradesh,23,13,8,32538444.0,25699297.0,15.73812267672193,0.6153846153846154
Sundergarh,Odisha,41,30,8,12946749.0,6445470.0,90.1294615942929,0.26666666666666666
Ahmadnagar,Maharashtra,70,59,8,20031105.0,7247249.0,77.90325376171162,0.13559322033898305
Jaunpur,Uttar Pradesh,52,39,8,59257405.0,30943906.0,16.638330259281787,0.20512820512820512
Kendujhar,Odisha,47,41,7,19752461.0,7563271.0,49.45957201321783,0.17073170731707318
East Godavari,_Andhrapradesh,93,78,7,40579678.0,6161181.0,65.49963725367338,0.08974358974358974
Hamirpur,Himachalpradesh,60,55,7,14364498.0,8018110.0,68.93585275706053,0.12727272727272726
Hoshiarpur,Punjab,53,47,7,12420094.0,4967232.0,58.36585400999161,0.14893617021276595
Kollam,,111,48,7,34693896.0,5439348.0,19.171771687841645,0.14583333333333334
Erode,Tamilnadu,57,50,7,16340860.0,5747065.0,68.51465337863432,0.14
Thanjavur,Tamilnadu,92,81,7,23567392.0,4305587.0,62.441295447608205,0.08641975308641975
Gandhinagar,Haryana,43,25,7,11419157.0,6493897.0,74.97677426925028,0.28
Ludhiana,Punjab,72,57,7,16054341.0,4480109.0,62.61197920871046,0.12280701754385964
Balangir,Odisha,29,25,7,23895224.0,14816390.0,32.785200235846126,0.28
Warangal,_Andhrapradesh,73,63,7,31123814.0,7292272.0,70.99996371855904,0.1111111111111111
Bhopal,Manipur,39,15,7,6445039.0,4752521.0,102.54086266933162,0.4666666666666667
Alwar,Rajasthan,47,43,7,40117769.0,14552075.0,22.81244079361604,0.16279069767441862
Tiruvallur,Tamilnadu,57,32,6,20259315.0,6473106.0,72.65436514989075,0.1875
Bhadrak,Odisha,32,31,6,21226389.0,12801660.0,40.036622239696946,0.1935483870967742
Kancheepuram,Tamilnadu,70,44,6,25685293.0,5699274.0,67.16066748541323,0.13636363636363635
Kamrup,_Assam,40,25,6,23945068.0,13884736.0,35.74519082932136,0.24
Vizianagaram,_Andhrapradesh,47,44,6,23862395.0,5922139.0,37.883942338209934,0.13636363636363635
Salem,Tamilnadu,80,52,6,23990818.0,4742852.0,56.169010496692295,0.11538461538461539
Sangli,Maharashtra,70,61,6,26943905.0,7675668.0,37.02850508609348,0.09836065573770492
Bilaspur,Himachalpradesh,42,21,6,19224380.0,11601442.0,53.47516699212793,0.2857142857142857
Prakasam,_Andhrapradesh,93,86,6,44978411.0,6691941.0,38.318925622049555,0.06976744186046512
Satara,Maharashtra,80,78,6,35828136.0,8203595.0,33.45315570342914,0.07692307692307693
Medak,_Andhrapradesh,76,65,6,33251515.0,6595964.0,53.884542808862555,0.09230769230769231
Mysore,Karnataka,34,20,6,9729184.0,4924827.0,112.54143433803539,0.3
Amravati,Maharashtra,42,36,6,22812227.0,8485978.0,29.142468974222115,0.16666666666666666
Aurangabad,Maharashtra,48,38,6,35574890.0,19794365.0,49.17795270684949,0.15789473684210525
Adilabad,_Andhrapradesh,48,42,6,27149271.0,7765067.0,49.16874942911835,0.14285714285714285
Jammu,Jammu And Kashmir,40,23,6,6335033.0,3632585.0,136.23934985349973,0.2608695652173913
Dakshina Kannada,Karnataka,99,59,6,20339665.0,3388595.0,73.43723148536021,0.1016949152542373
Kolhapur,Maharashtra,79,67,6,33363942.0,7939825.0,38.896720387098064,0.08955223880597014
Theni,Tamilnadu,33,21,6,6244908.0,3531284.0,87.80892977819383,0.2857142857142857
Cuddapah,_Andhrapradesh,52,44,5,15978852.0,4261876.0,88.69760183219148,0.11363636363636363
Raipur,Chhattisgarh,29,19,5,19875124.0,12177815.0,33.68886009480595,0.2631578947368421
Bikaner,Rajasthan,27,22,5,16325706.0,7603724.0,29.59348719147862,0.22727272727272727
Rajkot,Haryana,44,35,5,19988574.0,6365807.0,44.57969821850669,0.14285714285714285
Unnao,Uttar Pradesh,30,18,5,34256682.0,16939242.0,16.26226997813032,0.2777777777777778
Kheda,Haryana,46,41,5,25051738.0,6800649.0,33.07445547822122,0.12195121951219512
Jodhpur,Rajasthan,40,32,5,30504247.0,8927674.0,27.299371068895503,0.15625
Junagadh,Haryana,42,36,5,20832221.0,5276206.0,36.52716306479821,0.1388888888888889
Kannur,,97,22,5,32306922.0,5120842.0,19.12192608314175,0.22727272727272727
Kapurthala,Punjab,22,21,5,6459477.0,3061270.0,61.14850748467968,0.23809523809523808
Vellore,Tamilnadu,76,62,5,21528232.0,3216028.0,68.0109177785587,0.08064516129032258
Azamgarh,Uttar Pradesh,45,42,5,56043433.0,14208435.0,15.455788678508577,0.11904761904761904
Sivaganga,Tamilnadu,65,56,5,14191171.0,3502913.0,71.78215281849967,0.08928571428571429
Bharuch,Haryana,39,25,5,18489567.0,11056965.0,43.26603878425898,0.2
Gonda,Uttar Pradesh,34,27,5,49301884.0,22124719.0,14.484250531102768,0.18518518518518517
Solapur,Maharashtra,70,64,5,40186068.0,8904984.0,29.89596448329474,0.078125
Mysuru,Karnataka,33,17,5,11634391.0,4625447.0,79.45336478356901,0.29411764705882354
Nagaon,_Assam,27,24,5,24936283.0,11579238.0,26.388201447637066,0.20833333333333334
Dhanbad,Jharkhand,50,23,5,14093260.0,10165500.0,86.06863037809255,0.21739130434782608
Cachar,_Assam,49,38,5,23844657.0,11282841.0,44.31178709427506,0.13157894736842105
Pondicherry,Pondicherry,26,12,5,4504336.0,2599805.0,294.7277877735305,0.4166666666666667
Bagalkot,Karnataka,36,33,5,16060361.0,4948103.0,48.73390907701199,0.15151515151515152
Surendra Nagar,Haryana,28,18,5,12433711.0,5859068.0,59.123999403316944,0.2777777777777778
Bhagalpur,_Bihar,29,19,5,35231178.0,19011438.0,16.21211707161063,0.2631578947368421
Tiruchirappalli,Tamilnadu,82,58,5,19038508.0,3386259.0,72.63304682498351,0.08620689655172414
Banka,_Bihar,26,13,5,41527818.0,23180545.0,11.5755060799431,0.38461538461538464
Srikakulam,_Andhrapradesh,61,59,5,32471221.0,6299645.0,32.98270263505109,0.0847457627118644
Begusarai,_Bihar,31,15,5,13332786.0,8670790.0,52.983430697816246,0.3333333333333333
Belagavi,Karnataka,53,48,5,22306796.0,5271907.0,72.6121863116139,0.10416666666666667
Firozabad,Uttar Pradesh,23,14,5,22956364.0,13872201.0,21.54253541966728,0.35714285714285715
Belgaum,Karnataka,57,51,5,24323131.0,6756952.0,88.1476447430167,0.09803921568627451
Chandrapur,Maharashtra,33,29,5,17861107.0,7757611.0,28.49139612199831,0.1724137931034483
Siwan,_Bihar,38,31,5,53052201.0,18623041.0,17.91296110375015,0.16129032258064516
Dharwad,Karnataka,38,27,5,12450229.0,5418394.0,59.97228940310072,0.18518518518518517
Sindhudurg,Maharashtra,53,53,5,9783834.0,2225378.0,68.33569894934234,0.09433962264150944
Malappuram,,100,46,5,58685042.0,7811115.0,12.327377312015207,0.10869565217391304
Indore,Manipur,28,10,5,13331303.0,7612463.0,43.77127319349081,0.5
Karur,Tamilnadu,37,32,4,10316541.0,2542650.0,60.61906329916495,0.125
Udupi,Karnataka,70,58,4,14121751.0,2247109.0,75.07358302546882,0.06896551724137931
Jamnagar,Haryana,43,31,4,14426785.0,3878050.0,57.94445619672691,0.12903225806451613
Uttara Kannada,Karnataka,76,70,4,16441250.0,2898794.0,66.72585228119951,0.05714285714285714
Gurdaspur,Punjab,29,27,4,15739197.0,4208962.0,26.209889613019733,0.14814814814814814
The Nilgiris,Tamilnadu,48,4,4,1233102.0,785935.0,737.190245066251,1.0
Idukki,,57,51,4,15503826.0,2659328.0,24.656137821493548,0.0784313725490196
Balrampur,Uttar Pradesh,16,15,4,26944962.0,16674221.0,16.30006549408333,0.26666666666666666
Muzaffarpur,_Bihar,49,35,4,58280161.0,14260695.0,16.589585045156337,0.11428571428571428
Nalgonda,_Andhrapradesh,57,48,4,31548264.0,4928485.0,47.3577935599229,0.08333333333333333
Ernakulam,,139,36,4,36594901.0,2910111.0,19.359003647978838,0.1111111111111111
East Singhbhum,Jharkhand,17,5,4,4233343.0,4176321.0,134.74736017447407,0.8
Sultanpur,Uttar Pradesh,26,26,4,26282552.0,9168167.0,22.1976776995153,0.15384615384615385
Gautam Buddha Nagar,Uttar Pradesh,25,21,4,17034299.0,7918528.0,35.62595455115387,0.19047619047619047
Basti,Uttar Pradesh,22,21,4,28816355.0,11382752.0,17.0805782088664,0.19047619047619047
Bareilly,Uttar Pradesh,31,27,4,56021326.0,20477337.0,10.022268835310129,0.14814814814814814
Darbhanga,_Bihar,43,43,4,70315980.0,17620916.0,15.039931176335664,0.09302325581395349
East Champaran,_Bihar,32,23,4,42133694.0,12335017.0,15.268093844359274,0.17391304347826086
Navsari,Haryana,41,33,4,15964741.0,5008681.0,37.344271836028874,0.12121212121212122
Panchmahals,Haryana,16,11,4,14697737.0,10938186.0,29.367356781078218,0.36363636363636365
Bhind,Manipur,20,19,4,17543806.0,8318012.0,20.32164398942159,0.21052631578947367
Bokaro,Jharkhand,34,20,4,16156092.0,8126976.0,46.02042105802097,0.2
Pratapgarh,Uttar Pradesh,52,49,4,49517154.0,10004369.0,20.025698939306064,0.08163265306122448
Buxar,_Bihar,23,17,4,23185922.0,14591617.0,22.216713795011515,0.23529411764705882
Pauri Garhwal,Uttarakhand,41,40,4,9679705.0,2829733.0,63.46648101112288,0.1
Saran,_Bihar,50,46,4,50709228.0,11918921.0,20.954547547810403,0.08695652173913043
Sambhal,Uttar Pradesh,14,10,4,17246058.0,8158073.0,15.292418975624082,0.4
Deoria,Uttar Pradesh,25,23,4,34196380.0,20373216.0,15.524587390125554,0.17391304347826086
Pudukkottai,Tamilnadu,52,48,4,21439181.0,5109057.0,51.408669264232756,0.08333333333333333
Rupnagar,Punjab,19,19,4,5441693.0,2508572.0,60.06413106207377,0.21052631578947367
Chhindwara,Manipur,23,19,4,21703350.0,8800403.0,19.711535003379474,0.21052631578947367
Ramgarh,Jharkhand,22,14,4,5703657.0,3733516.0,72.1963846275369,0.2857142857142857
Ratnagiri,Maharashtra,72,71,4,18011109.0,3217309.0,55.66822634581625,0.056338028169014086
Kamrup Metro,_Assam,33,9,4,3622988.0,2541612.0,225.60536512865121,0.4444444444444444
West Tripura,Tripura,29,15,4,4823365.0,2616912.0,132.36528695419585,0.26666666666666666
Y. S. R,_Andhrapradesh,23,18,4,7540744.0,3028133.0,90.0599534765212,0.2222222222222222
Yavatmal,Maharashtra,34,32,4,25806723.0,7634205.0,20.07213822721826,0.125
Aizawl,Mizoram,15,8,4,1124065.0,765107.0,256.3694901227658,0.5
Allahabad,Uttar Pradesh,34,23,4,24742812.0,7833795.0,37.4724070008146,0.17391304347826086
Ambedkar Nagar,Uttar Pradesh,30,30,4,23151595.0,8006487.0,26.37821894347106,0.13333333333333333
Amreli,Haryana,35,30,4,16951894.0,4088525.0,40.46305768031263,0.13333333333333333
Virudhunagar,Tamilnadu,61,46,3,19351885.0,2926541.0,50.73766493546099,0.06521739130434782
Anand,Haryana,59,54,3,20860630.0,2543930.0,43.096541028582294,0.05555555555555555
Amritsar,Punjab,37,25,3,9401308.0,3101007.0,67.33663176983015,0.12
Ambala,Gujrat,20,17,3,6040639.0,3197134.0,57.503585309917064,0.17647058823529413
Kachchh,Haryana,57,47,3,22152312.0,2910431.0,44.34045041568532,0.06382978723404255
Alluri Sitharama Raju,_Andhrapradesh,17,14,3,9388733.0,3133897.0,61.09006416044068,0.21428571428571427
Kannauj,Uttar Pradesh,17,17,3,19321050.0,8093712.0,15.690923517076989,0.17647058823529413
Sabarkantha,Haryana,30,28,3,17830554.0,3932145.0,34.33814895336149,0.10714285714285714
Saharanpur,Uttar Pradesh,23,22,3,32708947.0,10825684.0,16.20175262494364,0.13636363636363635
Sahebganj,Jharkhand,9,4,3,6251537.0,5440519.0,55.99884935788304,0.75
Ajmer,Rajasthan,51,47,3,20383180.0,2840256.0,39.01245650472922,0.06382978723404255
Alappuzha,,114,42,3,25310313.0,2333212.0,28.345838204823234,0.07142857142857142
Churachandpur,Madhyapradesh,9,6,3,2976013.0,1925570.0,85.79397620490688,0.5
Churu,Rajasthan,25,25,3,22066936.0,6644073.0,20.353126153650134,0.12
Ramanathapuram,Tamilnadu,59,47,3,13693996.0,1933073.0,67.6659801364762,0.06382978723404255
Chhatrapati Sambhajinagar,Maharashtra,12,11,3,6435672.0,3632476.0,62.05609435570574,0.2727272727272727
Durg,Chhattisgarh,20,16,3,13971132.0,7180157.0,41.569276185666396,0.1875
Nanded,Maharashtra,44,40,3,34118507.0,4856840.0,20.547470540441676,0.075
Nellore,_Andhrapradesh,54,49,3,20088965.0,2796421.0,68.13988542284312,0.061224489795918366
Shajapur,Manipur,18,15,3,11818000.0,4615787.0,27.206500716353904,0.2
Prayagraj,Uttar Pradesh,18,12,3,16981986.0,9145355.0,34.5384345188397,0.25
Sikar,Rajasthan,56,55,3,30182761.0,3789142.0,30.544854391064835,0.05454545454545454
Dhule,Maharashtra,27,26,3,19402421.0,6307575.0,26.98571627774187,0.11538461538461539
Shimoga,Karnataka,28,26,3,8966144.0,1846737.0,88.83202853243544,0.11538461538461539
Chamba,Himachalpradesh,26,5,3,25203.0,24783.0,22599.891555474824,0.6
Sehore,Manipur,19,16,3,14636658.0,5853910.0,20.238987925055323,0.1875
Sawai Madhopur,Rajasthan,23,22,3,16555756.0,4751766.0,27.593931173857573,0.13636363636363635
Sangrur,Punjab,16,16,3,7196171.0,2700005.0,43.34686280078247,0.1875
Dindigul,Tamilnadu,56,51,3,21029612.0,3418750.0,46.6335500968498,0.058823529411764705
Bijnor,Uttar Pradesh,28,25,3,35725931.0,9709789.0,15.153710827987906,0.12
Solan,Himachalpradesh,29,27,3,3292269.0,1304583.0,152.1008446015305,0.1111111111111111
Bhavnagar,Haryana,37,33,3,22632383.0,4350142.0,29.249460456842467,0.09090909090909091
Bijapur,Chhattisgarh,30,28,3,16908840.0,3518888.0,76.07090915248328,0.10714285714285714
Namakkal,Tamilnadu,59,52,3,18860279.0,2369311.0,58.94826768175566,0.057692307692307696
Dumka,Jharkhand,15,11,3,18584545.0,10023782.0,21.32902192089067,0.2727272727272727
Panchkula,Gujrat,19,7,3,2390031.0,1610011.0,122.18076469674354,0.42857142857142855
Pali,Rajasthan,43,43,3,23323483.0,4253449.0,32.735049503339035,0.06976744186046512
North Tripura,Tripura,16,14,3,3207338.0,1504074.0,127.32222260536791,0.21428571428571427
Tiruvannamalai,Tamilnadu,64,62,3,27995930.0,3558219.0,42.56555662014491,0.04838709677419355
Udaipur,Rajasthan,36,31,3,32790140.0,6942583.0,21.96034941995079,0.0967741935483871
Kokrajhar,_Assam,14,14,3,19940700.0,8926344.0,13.196958988297974,0.21428571428571427
Baleswar,Odisha,37,31,3,17587378.0,5051984.0,78.88123654813977,0.0967741935483871
Kozhikode,,88,26,3,38997659.0,3407127.0,15.294816397713637,0.11538461538461539
Jajapur,Odisha,32,21,3,13443717.0,3916672.0,61.38269175076724,0.14285714285714285
Annamayya,_Andhrapradesh,16,10,3,5922749.0,3102595.0,84.97225564731082,0.3
Una,Himachalpradesh,36,33,3,2621001.0,612830.0,220.20442792662683,0.09090909090909091
Jhansi,Uttar Pradesh,24,22,3,19818170.0,7492045.0,23.772028976069738,0.13636363636363635
Ballari,Karnataka,18,16,3,7697311.0,2608623.0,82.35056912465002,0.1875
Ahmadabad,Haryana,24,3,3,1716323.0,1043056.0,528.219118895756,1.0
Kanyakumari,Tamilnadu,29,12,3,3026811.0,964714.0,267.78078053783076,0.25
Wayanad,,19,18,3,11223319.0,4964023.0,10.926195478474975,0.16666666666666666
Jehanabad,_Bihar,15,10,3,20906845.0,9261810.0,18.244729238927494,0.3
Khammam,_Andhrapradesh,53,41,3,17445779.0,2631431.0,73.87644652097192,0.07317073170731707
Angul,Odisha,24,16,3,11748880.0,3698553.0,42.25619929190802,0.1875
Anantnag,Jammu And Kashmir,13,11,3,2484954.0,1303228.0,109.39558733918896,0.2727272727272727
Khagaria,_Bihar,14,10,3,21835392.0,9976904.0,14.471740333711283,0.3
Kolar,Karnataka,30,21,3,18729735.0,5415485.0,30.14448052278111,0.14285714285714285
Jalor,Rajasthan,18,18,3,13186445.0,7388659.0,29.750745447940677,0.16666666666666666
Kheri,Uttar Pradesh,26,26,3,47035430.0,13017193.0,10.053905179984671,0.11538461538461539
Khordha,Odisha,21,11,3,5542030.0,3987957.0,156.52345199988233,0.2727272727272727
Madhubani,_Bihar,35,34,3,61791308.0,15775464.0,11.143648499655393,0.08823529411764706
Latur,Maharashtra,23,22,3,24686227.0,7885526.0,17.294023435246526,0.13636363636363635
Madurai,Tamilnadu,57,38,3,17086268.0,2615378.0,57.09896688688332,0.07894736842105263
Kullu,Himachalpradesh,23,20,3,2616633.0,1147795.0,143.43721434419058,0.15
Koraput,Odisha,32,27,3,19554247.0,4815173.0,32.297924187138115,0.1111111111111111
Kota,Rajasthan,28,22,3,13843779.0,4082772.0,41.098603571677664,0.13636363636363635
Tehri Garhwal,Uttarakhand,22,21,3,10592789.0,3045335.0,38.7792569585648,0.14285714285714285
Barmer,Rajasthan,23,23,3,30470794.0,10010031.0,15.560114227329672,0.13043478260869565
Gorakhpur,Uttar Pradesh,41,35,3,56465041.0,13203036.0,15.595559562322729,0.08571428571428572
Baloda Bazar,Chhattisgarh,14,14,3,9310246.0,4170492.0,35.52769052488998,0.21428571428571427
Banswara,Rajasthan,18,16,3,22090537.0,9373089.0,19.295711656201036,0.1875
Mainpuri,Uttar Pradesh,17,14,3,22615637.0,8617632.0,14.187576623848033,0.21428571428571427
Gopalganj,_Bihar,16,12,3,32244452.0,12281018.0,12.595708520078915,0.25
Tenkasi,Tamilnadu,17,14,3,3777319.0,1577775.0,115.48365834018624,0.21428571428571427
Gurgaon,Gujrat,31,15,3,6981290.0,3372150.0,80.77368355437359,0.2
Gwalior,Manipur,16,8,3,7066456.0,4532206.0,45.891386674124156,0.375
Mathura,Uttar Pradesh,27,26,3,27514305.0,7160683.0,18.95922898093017,0.11538461538461539
Mandi,Himachalpradesh,66,3,3,288286.0,288286.0,3815.249050739451,1.0
Bargarh,Odisha,23,22,3,19503221.0,5389769.0,21.953936583683312,0.13636363636363635
Nabarangapur,Odisha,15,12,3,11861915.0,5557024.0,28.076392042411374,0.25
Giridih,Jharkhand,20,20,3,29602457.0,9663630.0,14.433418576538385,0.15
Ghazipur,Uttar Pradesh,42,42,3,47216690.0,7296294.0,17.995020725453497,0.07142857142857142
Goalpara,_Assam,13,12,3,13784119.0,7089988.0,17.11323652123226,0.25
Mumbai,Maharashtra,53,3,3,590176.0,590176.0,4165.462642741138,1.0
Gaya,_Bihar,31,21,3,62494254.0,19579744.0,11.715774605077648,0.14285714285714285
Sonbhadra,Uttar Pradesh,19,15,3,19813269.0,10320749.0,17.35855965597396,0.2
Muzaffarnagar,Uttar Pradesh,24,23,3,36076121.0,8893190.0,13.055990110999575,0.13043478260869565
Ghaziabad,Uttar Pradesh,21,9,3,6153227.0,4031932.0,82.93881647948938,0.3333333333333333
East Khasi Hills,Meghalaya,28,14,3,8491752.0,2625450.0,61.069495086215845,0.21428571428571427
Nagaur,Rajasthan,44,42,3,33064663.0,8666174.0,29.981770441658565,0.07142857142857142
Etah,Uttar Pradesh,17,17,3,26065459.0,8591799.0,19.626055026455415,0.17647058823529413
Faridabad,Gujrat,15,4,3,5540461.0,5393109.0,55.431483814164444,0.75
Sirmaur,Himachalpradesh,16,2,2,51103.0,51103.0,7540.107578100743,1.0
Sitamarhi,_Bihar,20,19,2,42794258.0,11411012.0,10.816068097650458,0.10526315789473684
Bhojpur,_Bihar,40,36,2,42056768.0,4626951.0,16.750797168727736,0.05555555555555555
Dr. B. R. Ambedkar Konaseema,_Andhrapradesh,22,21,2,8636523.0,1716139.0,92.62880417865566,0.09523809523809523
Nizamabad,_Andhrapradesh,51,47,2,26966426.0,2343558.0,35.60696024639607,0.0425531914893617
Nayagarh,Odisha,22,21,2,14457027.0,3917328.0,34.43358598520895,0.09523809523809523
Narmada,Haryana,10,7,2,6523003.0,3040934.0,29.722173206494777,0.2857142857142857
Nandyal,_Andhrapradesh,16,14,2,8924203.0,2793464.0,46.69817004289054,0.14285714285714285
Panipat,Gujrat,13,12,2,5023605.0,2297380.0,42.54762931596027,0.16666666666666666
Patan,Haryana,19,18,2,13053461.0,3362437.0,23.126325618424048,0.1111111111111111
Dhamtari,Chhattisgarh,10,10,2,14960382.0,4589540.0,18.303535101828707,0.2
Dhar,Manipur,24,16,2,25106015.0,9345581.0,17.985846625349488,0.125
Palamu,Jharkhand,11,9,2,14613410.0,5740044.0,16.652834165981414,0.2222222222222222
Palghar,Maharashtra,17,14,2,5370728.0,2523937.0,110.18921492510921,0.14285714285714285
North Goa,Goa,49,19,2,8947630.0,1011778.0,73.65452225872934,0.10526315789473684
Dungarpur,Rajasthan,26,26,2,22265806.0,3752130.0,18.75840798424352,0.07692307692307693
Dhubri,_Assam,13,12,2,12179636.0,4698148.0,31.347776839586537,0.16666666666666666
Dharmapuri,Tamilnadu,31,29,2,21728833.0,3537869.0,30.921109532565033,0.06896551724137931
Shahjahanpur,Uttar Pradesh,17,16,2,32865530.0,8444955.0,8.565473225439238,0.125
Senapati,Madhyapradesh,16,14,2,9330962.0,3068991.0,59.41377877761953,0.14285714285714285
Pulwama,Jammu And Kashmir,10,7,2,2497197.0,1204527.0,65.61811326636345,0.2857142857142857
Deoghar,Jharkhand,17,13,2,19272921.0,4986568.0,24.170622265671867,0.15384615384615385
Davangere,Karnataka,17,17,2,7371175.0,1449724.0,63.40476480694021,0.11764705882352941
Dewas,Manipur,17,17,2,18959409.0,5110509.0,17.510439891851647,0.11764705882352941
Davanagere,Karnataka,20,18,2,11864300.0,2625115.0,54.29042683187751,0.1111111111111111
Patiala,Punjab,15,14,2,10017043.0,4097606.0,25.787385395707474,0.14285714285714285
Sidhi,Manipur,9,9,2,15112483.0,5176824.0,17.18784364766486,0.2222222222222222
Siddharthnagar,Uttar Pradesh,16,15,2,29965819.0,10813749.0,12.952551786832387,0.13333333333333333
Budaun,Uttar Pradesh,23,16,2,30218581.0,7946479.0,15.558367579592085,0.125
Sibsagar,_Assam,23,23,2,9749349.0,1637966.0,33.92778404930203,0.08695652173913043
Shivamogga,Karnataka,26,22,2,7079524.0,2079860.0,105.47754897028325,0.09090909090909091
Shivpuri,Manipur,22,19,2,24650779.0,5139885.0,17.098706075006326,0.10526315789473684
Purbi Singhbhum,Jharkhand,11,3,2,6104641.0,3711401.0,76.37146135902208,0.6666666666666666
Puri,Odisha,27,24,2,19588642.0,2854079.0,36.41416322774732,0.08333333333333333
Purnia,_Bihar,14,12,2,50098308.0,18509435.0,10.082325988903154,0.16666666666666666
Rae Bareli,Uttar Pradesh,33,31,2,25426397.0,4021546.0,22.6979185421891,0.06451612903225806
Champawat,Uttarakhand,9,9,2,4242316.0,2391796.0,39.88641620313886,0.2222222222222222
Chandigarh,Punjab,26,3,2,573412.0,219909.0,1223.3921099543877,0.6666666666666666
Chamoli,Uttarakhand,27,27,2,8309649.0,1471963.0,46.35461327439478,0.07407407407407407
Samastipur,_Bihar,32,27,2,42872118.0,7681204.0,15.05972117877356,0.07407407407407407
Sambalpur,Odisha,26,18,2,11197815.0,3034017.0,51.266138605261105,0.1111111111111111
Satna,Manipur,20,19,2,17227567.0,3781847.0,24.406802824722106,0.10526315789473684
Aligarh,Uttar Pradesh,32,32,2,35229534.0,7603166.0,19.79539322445515,0.0625
Saharsa,_Bihar,14,13,2,28403401.0,6747583.0,11.432532117442168,0.15384615384615385
Rohtas,_Bihar,31,27,2,46389655.0,8943154.0,13.242731110841778,0.07407407407407407
Chengalpattu,Tamilnadu,20,13,2,5505563.0,1766706.0,104.68526741093837,0.15384615384615385
Raigad,Maharashtra,15,14,2,4178394.0,1284352.0,114.94408713507619,0.14285714285714285
Rajsamand,Rajasthan,25,24,2,19901447.0,3754916.0,27.878916725940933,0.08333333333333333
Yamuna Nagar,Gujrat,10,9,2,6350933.0,3221360.0,28.854478473276217,0.2222222222222222
Chikkaballapur,Karnataka,19,17,2,16830900.0,4769673.0,22.408540874107516,0.11764705882352941
Almora,Uttarakhand,34,33,2,15129867.0,2438389.0,34.86071957909244,0.06060606060606061
Ayodhya,Uttar Pradesh,18,18,2,9872317.0,2388178.0,82.66921613847666,0.1111111111111111
Wardha,Maharashtra,22,15,2,11763513.0,3014746.0,21.96967250579594,0.13333333333333333
Kanniyakumari,Tamilnadu,52,11,2,5403251.0,811993.0,206.82180736211635,0.18181818181818182
Fatehgarh Sahib,Punjab,15,14,2,5730354.0,1325032.0,65.29621685484526,0.14285714285714285
South Andaman,Andaman And Nicobar,11,6,2,1795283.0,917154.0,187.85429838140092,0.3333333333333333
Morena,Manipur,11,11,2,21955286.0,8948873.0,9.00097269289936,0.18181818181818182
Mirzapur,Uttar Pradesh,18,15,2,34537979.0,10656149.0,10.331224388636604,0.13333333333333333
Beed,Maharashtra,18,18,2,10503310.0,1626670.0,52.40704647821422,0.1111111111111111
Srinagar,Jammu And Kashmir,24,6,2,1724111.0,1453720.0,401.2507911589073,0.3333333333333333
Sribhumi,_Assam,8,6,2,7562635.0,5088077.0,29.036387081638413,0.3333333333333333
Nalanda,_Bihar,26,24,2,37784908.0,5398981.0,15.050178694762659,0.08333333333333333
Nalbari,_Assam,24,24,2,10450901.0,2847248.0,45.14997944805425,0.08333333333333333
Faizabad,Uttar Pradesh,22,17,2,9815379.0,2995515.0,73.35527327745822,0.11764705882352941
Tikamgarh,Manipur,12,11,2,11487450.0,3585281.0,20.113687327916995,0.18181818181818182
Banda,Uttar Pradesh,11,11,2,18956580.0,7615324.0,10.862239034743968,0.18181818181818182
Bangalore Rural,Karnataka,11,8,2,7048739.0,2885038.0,36.287916943230215,0.25
Bara Banki,Uttar Pradesh,28,26,2,28230220.0,4035052.0,21.340655028598242,0.07692307692307693
Hisar,Gujrat,16,14,2,8479113.0,2426182.0,30.9307968887583,0.14285714285714285
Hazaribagh,Jharkhand,15,10,2,12377780.0,4618096.0,37.43994082669748,0.2
Gumla,Jharkhand,13,7,2,19710866.0,16092696.0,23.530831162018064,0.2857142857142857
Mahisagar,Haryana,9,6,2,8814892.0,4213494.0,37.725221492354876,0.3333333333333333
Guna,Manipur,19,17,2,19886968.0,4820288.0,27.9723818668226,0.11764705882352941
Hanumangarh,Rajasthan,15,15,2,17730559.0,6053235.0,16.209150732960147,0.13333333333333333
Hapur,Uttar Pradesh,8,5,2,5514930.0,3033453.0,43.23153143880308,0.4
Marigaon,_Assam,12,11,2,15480883.0,4394440.0,16.69765922935318,0.18181818181818182
Baramula,Jammu And Kashmir,14,11,2,2573857.0,958356.0,91.59017756389312,0.18181818181818182
Tarn Taran,Punjab,23,21,2,6069083.0,1128691.0,63.21562145878542,0.09523809523809523
Supaul,_Bihar,18,18,2,29030385.0,4479193.0,16.375284028676482,0.1111111111111111
Hailakandi,_Assam,12,11,2,7738067.0,2548807.0,28.89071864919308,0.18181818181818182
Garhwa,Jharkhand,10,8,2,13043733.0,4018639.0,19.88857173472328,0.25
Mau,Uttar Pradesh,20,20,2,24498112.0,4795554.0,16.612382058472747,0.1
Bathinda,Punjab,21,17,2,9616519.0,2396486.0,32.50207243706723,0.11764705882352941
Bellary,Karnataka,19,15,2,6141251.0,1768368.0,83.45254547100996,0.13333333333333333
Betul,Manipur,19,19,2,20200117.0,6380981.0,19.591629553998917,0.10526315789473684
Nainital,Uttarakhand,22,19,2,14595695.0,4935743.0,26.501079589506787,0.10526315789473684
Etawah,Uttar Pradesh,14,14,2,17471357.0,5858354.0,16.565837156630604,0.14285714285714285
East Nimar,Manipur,10,10,2,11742098.0,7433557.0,34.592868746865605,0.2
Singrauli,Manipur,9,4,2,13373931.0,9935780.0,16.92791541594608,0.5
Farrukhabad,Uttar Pradesh,25,17,2,19810848.0,3953982.0,21.290768963614617,0.11764705882352941
Fatehpur,Uttar Pradesh,27,22,2,29653119.0,4446848.0,19.679761976573985,0.09090909090909091
South West Delhi,Delhi,25,3,2,9463479.0,1701083.0,68.809868877352,0.6666666666666666
Kolasib,Mizoram,9,5,2,298866.0,154794.0,617.8861971929874,0.4
Hassan,Karnataka,27,24,2,11070758.0,2890544.0,67.88295394290822,0.08333333333333333
Madhepura,_Bihar,14,12,2,21407989.0,5100288.0,19.567482777100818,0.16666666666666666
Thiruvarur,Tamilnadu,61,57,2,13665874.0,929263.0,66.70601941184117,0.03508771929824561
Tiruppur,Tamilnadu,53,40,2,18458742.0,1440987.0,50.30713525101106,0.05
Udham Singh Nagar,Uttarakhand,16,13,2,13269194.0,5701384.0,22.401020206676588,0.15384615384615385
Baghpat,Uttar Pradesh,16,13,2,12412204.0,3136888.0,20.49950203441037,0.15384615384615385
Ujjain,Manipur,19,17,2,15593133.0,3470800.0,20.63554883360475,0.11764705882352941
Bahraich,Uttar Pradesh,15,15,2,32279942.0,7354621.0,9.957348968685135,0.13333333333333333
Baksa,_Assam,13,13,2,9223226.0,2427600.0,30.1757914400839,0.15384615384615385
Kinnaur,Himachalpradesh,14,13,2,888934.0,315724.0,192.08398129533373,0.15384615384615385
Baleshwar,Odisha,22,21,2,9002715.0,2117451.0,86.43093812427404,0.09523809523809523
JAJPUR,Odisha,15,12,2,6302329.0,1750997.0,123.10641522257745,0.16666666666666666
Hyderabad,_Andhrapradesh,67,4,2,549853.0,122411.0,4360.802001446256,0.5
Haridwar,Uttarakhand,10,5,2,7821786.0,6574012.0,33.712553626425894,0.4
Maharajganj,Uttar Pradesh,11,11,2,24156578.0,7119244.0,9.88866037309784,0.18181818181818182
Lakhimpur,_Assam,15,13,2,12005499.0,4035074.0,22.95048857826344,0.15384615384615385
Koriya,Chhattisgarh,13,7,2,3389895.0,1950281.0,101.06035987380214,0.2857142857142857
Korba,Chhattisgarh,14,9,2,7102049.0,3861673.0,49.108784302775845,0.2222222222222222
Kendrapara,Odisha,35,29,2,20384838.0,3461730.0,33.679924459660896,0.06896551724137931
Valsad,Haryana,31,24,2,18117622.0,4769726.0,32.44650136509964,0.08333333333333333
Varanasi,Uttar Pradesh,41,30,2,34052633.0,4237202.0,18.282853355951364,0.06666666666666667
Araria,_Bihar,14,13,2,39055270.0,12069743.0,10.49487679860755,0.15384615384615385
Anuppur,Manipur,14,10,2,7261733.0,2397165.0,56.17751235108238,0.2
Katihar,_Bihar,20,18,2,43551172.0,9661135.0,12.327679361908785,0.1111111111111111
Barabanki,Uttar Pradesh,11,9,2,14466104.0,5590312.0,20.272970250664255,0.2222222222222222
Jalna,Maharashtra,18,17,2,20042603.0,5252355.0,20.780786181683737,0.11764705882352941
Jorhat,_Assam,32,27,2,12908201.0,2117807.0,36.08540124907687,0.07407407407407407
Jhunjhunun,Rajasthan,43,39,2,15101543.0,1781879.0,59.701525945374556,0.05128205128205128
Jharsuguda,Odisha,18,15,2,6213857.0,1709499.0,47.312296624643494,0.13333333333333333
Ballia,Uttar Pradesh,40,39,2,42306191.0,5768838.0,17.092079261736913,0.05128205128205128
Karimnagar,_Andhrapradesh,58,55,2,22052162.0,2493115.0,70.22853093860225,0.03636363636363636
Karaikal,Pondicherry,8,4,2,119962.0,77726.0,2623.305388165672,0.5
Karim Nagar,_Andhrapradesh,23,17,2,6098877.0,1817085.0,82.04559677770999,0.11764705882352941
Karimganj,_Assam,17,15,2,7732671.0,2925894.0,58.89008010874656,0.13333333333333333
West Champaran,_Bihar,14,12,2,32123665.0,9236959.0,11.47668395866191,0.16666666666666666
West Garo Hills,Meghalaya,6,6,1,5813551.0,1993649.0,23.143051015216276,0.16666666666666666
Ananthapuramu,_Andhrapradesh,26,23,1,13066041.0,1236934.0,84.6997550743069,0.043478260869565216
Badgam,Jammu And Kashmir,5,3,1,1356653.0,637396.0,111.19021429070325,0.3333333333333333
Umaria,Manipur,7,6,1,9281769.0,2068424.0,22.641566618095066,0.16666666666666666
Ukhrul,Madhyapradesh,3,3,1,2075701.0,1191402.0,41.920620578917635,0.3333333333333333
Karbi Anglong,_Assam,16,15,1,15994217.0,2818096.0,32.64249839255986,0.06666666666666667
Kanpur Dehat,Uttar Pradesh,20,18,1,29011363.0,1922332.0,14.60445331826125,0.05555555555555555
Kandhamal,Odisha,23,23,1,11360657.0,1086520.0,34.27321790202671,0.043478260869565216
Kalaburagi,Karnataka,21,18,1,12529160.0,1361481.0,56.8984212607339,0.05555555555555555
Kaithal,Gujrat,11,11,1,7705270.0,1655523.0,22.14597282228866,0.09090909090909091
K.v. Rangareddy,_Andhrapradesh,8,7,1,3543059.0,813745.0,64.504538994357,0.14285714285714285
Zunheboto,Nagaland,5,4,1,2429926.0,1078472.0,40.82590489558224,0.25
Yamunanagar,Gujrat,2,1,1,1721910.0,1721910.0,32.46394991608156,1.0
Udalguri,_Assam,19,19,1,13726855.0,1866827.0,27.8253998462301,0.05263157894736842
Tumakuru,Karnataka,33,31,1,13640377.0,1394037.0,85.41110558921469,0.03225806451612903
Tonk,Rajasthan,16,16,1,16687156.0,2263419.0,16.014323023207456,0.0625
Bapatla,_Andhrapradesh,13,10,1,3138659.0,658559.0,84.39042668201468,0.1
Banaskantha,Haryana,25,24,1,30569058.0,3056547.0,15.596153997732527,0.041666666666666664
Balod,Chhattisgarh,10,10,1,10493707.0,2909021.0,34.53863254080832,0.1
Tirupati,_Andhrapradesh,16,15,1,11364437.0,493197.0,35.0412002917086,0.06666666666666667
Tirap,_Arunachalpradesh,4,2,1,519654.0,461555.0,149.28680475876683,0.5
Katni,Manipur,13,12,1,15609136.0,2677171.0,15.712229999816593,0.08333333333333333
Kasganj,Uttar Pradesh,7,7,1,6766714.0,1980007.0,22.66852929282378,0.14285714285714285
Kasaragod,,21,12,1,11929470.0,1689004.0,14.686856366477823,0.08333333333333333
Jind,Gujrat,11,11,1,9186400.0,1843613.0,17.714121507478072,0.09090909090909091
Jhargram,Westbengal,9,1,1,18993.0,18993.0,15437.266361291004,1.0
Jhajjar,Gujrat,17,15,1,5586725.0,703205.0,41.62636239060008,0.06666666666666667
Karnal,Gujrat,15,15,1,8714166.0,1385508.0,25.98871243323583,0.06666666666666667
Kargil,Jammu And Kashmir,6,4,1,635586.0,262565.0,272.8936923650474,0.25
Tinsukia,_Assam,30,29,1,14836228.0,1278398.0,27.061822407078136,0.034482758620689655
Thoothukkudi,Tamilnadu,95,71,1,17790583.0,552658.0,75.74267295623514,0.014084507042253521
Thiruvallur,Tamilnadu,13,11,1,5291994.0,936332.0,62.66641057242841,0.09090909090909091
Bastar,Chhattisgarh,8,7,1,9604286.0,2410267.0,20.317717668864056,0.14285714285714285
Barwani,Manipur,8,7,1,16227858.0,5159045.0,10.977175619529156,0.14285714285714285
Barpeta,_Assam,17,17,1,19572836.0,4123829.0,26.83057553639133,0.058823529411764705
Baran,Rajasthan,13,13,1,15322790.0,2620123.0,14.6474570862164,0.07692307692307693
Janjgir Champa,Chhattisgarh,5,5,1,2765775.0,1043222.0,48.38929652245509,0.2
Jamtara,Jharkhand,6,5,1,8050655.0,2069504.0,19.79555228570101,0.2
Jalaun,Uttar Pradesh,18,18,1,17518167.0,1984423.0,17.824363315189103,0.05555555555555555
Kawardha,Chhattisgarh,4,4,1,10460350.0,4542941.0,17.72916973688806,0.25
Kaushambi,Uttar Pradesh,12,11,1,19786696.0,3387852.0,12.250605426367516,0.09090909090909091
Tapi,Haryana,17,13,1,11680502.0,1664289.0,26.463158779469634,0.07692307692307693
Surguja,Chhattisgarh,9,8,1,16161909.0,3755318.0,22.3875867236706,0.125
Bhandara,Maharashtra,19,18,1,14228195.0,1980212.0,21.59352943993598,0.05555555555555555
Bhadohi,Uttar Pradesh,7,6,1,4100278.0,1762913.0,60.38788309443523,0.16666666666666666
Sundargarh,Odisha,17,13,1,9576113.0,2291100.0,56.2463185040544,0.07692307692307693
Sri Sathya Sai,_Andhrapradesh,10,10,1,4634006.0,1372368.0,104.4780658182608,0.1
South West Garo Hills,Meghalaya,3,3,1,1039915.0,768897.0,53.46053600143194,0.3333333333333333
South Tripura,Tripura,16,13,1,4409933.0,826690.0,79.94761423286715,0.07692307692307693
South Sikkim,Sikkim,4,3,1,1092060.0,1026430.0,196.18184067655642,0.3333333333333333
South Goa,Goa,38,20,1,5702028.0,398407.0,97.05661182852072,0.05
Jagatsinghpur,Odisha,12,11,1,8156030.0,2717000.0,38.47771793246685,0.09090909090909091
Jabalpur,Manipur,25,17,1,14893040.0,1921973.0,34.00847522759598,0.058823529411764705
Imphal West,Madhyapradesh,8,7,1,1630142.0,328296.0,189.26097409672118,0.14285714285714285
Hoshangabad,Manipur,12,8,1,5448866.0,2781873.0,51.04780667300959,0.125
Kohima,Nagaland,6,4,1,561212.0,234556.0,141.22927298122912,0.25
Kodagu,Karnataka,26,26,1,7558726.0,673393.0,47.92703657975044,0.038461538461538464
Kishanganj,_Bihar,6,6,1,18007474.0,7272758.0,9.410252584045786,0.16666666666666666
Sonitpur,_Assam,32,31,1,17875199.0,1099126.0,34.832246324515154,0.03225806451612903
Bhilwara,Rajasthan,36,32,1,29506325.0,2165778.0,20.784056616652897,0.03125
Sirsa,Gujrat,14,14,1,6991064.0,1359131.0,31.20891740759036,0.07142857142857142
Sirohi,Rajasthan,19,18,1,13404394.0,1690668.0,23.261853234825427,0.05555555555555555
Shrawasti,Uttar Pradesh,12,11,1,26046249.0,3746993.0,11.824528074398916,0.09090909090909091
Bulandshahar,Uttar Pradesh,5,1,1,1042702.0,1042702.0,155.46148372209893,1.0
Budgam,Jammu And Kashmir,5,3,1,1073303.0,934161.0,192.64376085883524,0.3333333333333333
Botad,Haryana,8,7,1,3349571.0,1133155.0,59.27288332297933,0.14285714285714285
Bongaigaon,_Assam,12,12,1,10942613.0,1859463.0,34.10173099934997,0.08333333333333333
Sheopur,Manipur,5,5,1,9216674.0,3257354.0,10.6127379263484,0.2
Sheohar,_Bihar,5,5,1,11592566.0,3769821.0,14.791513631655492,0.2
Sheikhpura,_Bihar,5,5,1,10160194.0,5821669.0,20.988497617462343,0.2
Lakhisarai,_Bihar,7,7,1,14526979.0,3927951.0,12.193525281295727,0.14285714285714285
Kushinagar,Uttar Pradesh,18,17,1,43092524.0,4967972.0,7.7870571335101415,0.058823529411764705
Kupwara,Jammu And Kashmir,6,6,1,4820554.0,1555365.0,24.45043917738173,0.16666666666666666
Koppal,Karnataka,28,21,1,15252000.0,1348317.0,25.692689134527395,0.047619047619047616
Kondagaon,Chhattisgarh,6,6,1,4627635.0,1926851.0,50.436614573599385,0.16666666666666666
Jaisalmer,Rajasthan,13,13,1,11505772.0,2471451.0,22.561097403246155,0.07692307692307693
Shamli,Uttar Pradesh,5,5,1,4011684.0,1221614.0,27.726974176484386,0.2
Shahdol,Manipur,10,8,1,12370937.0,2407908.0,15.084590991023212,0.125
Charaideo,_Assam,9,9,1,5513573.0,1651320.0,40.30538753382116,0.1111111111111111
Changlang,_Arunachalpradesh,7,6,1,1183353.0,372042.0,121.6817212505045,0.16666666666666666
Chandauli,Uttar Pradesh,18,17,1,26884468.0,3565724.0,12.585408229400091,0.058823529411764705
Chamrajnagar,Karnataka,5,5,1,4488492.0,2126580.0,43.04703012000712,0.2
Sant Kabir Nagar,Uttar Pradesh,16,16,1,27075191.0,3592166.0,14.723209918833591,0.0625
Samstipur,_Bihar,6,6,1,12856506.0,5466708.0,12.449936031002217,0.16666666666666666
Sagar,Manipur,29,23,1,23737999.0,2744846.0,21.664820865675615,0.043478260869565216
Hardoi,Uttar Pradesh,24,24,1,46176161.0,4682185.0,9.116790615022115,0.041666666666666664
Harda *,Manipur,3,1,1,1564224.0,1564224.0,27.297880610449653,1.0
Mahabub Nagar,_Andhrapradesh,24,23,1,12285382.0,802413.0,52.96026629171504,0.043478260869565216
Lunglei,Mizoram,8,5,1,776501.0,371521.0,227.99014792894243,0.2
Lohardaga,Jharkhand,6,2,1,5244614.0,4033309.0,43.99515671635076,0.5
Lawngtlai,Mizoram,3,1,1,325970.0,325970.0,165.04586311623768,1.0
Lalitpur,Uttar Pradesh,10,9,1,11154103.0,3972658.0,17.06573450695522,0.1111111111111111
SAS Nagar (Mohali),Punjab,9,3,1,1452134.0,972232.0,161.1977492274366,0.3333333333333333
Chittorgarh,Rajasthan,26,22,1,12028770.0,1742950.0,34.82624283987946,0.045454545454545456
Chittaurgarh,Rajasthan,8,6,1,4770263.0,2742325.0,51.179990312975534,0.16666666666666666
Chitradurga,Karnataka,40,36,1,22098001.0,1611804.0,30.520430083328034,0.027777777777777776
Chirang,_Assam,6,6,1,5868544.0,2165030.0,22.422472350998056,0.16666666666666666
Chikkamagaluru,Karnataka,18,17,1,4512503.0,794208.0,88.19198282871731,0.058823529411764705
Chhotaudepur,Haryana,12,10,1,9824200.0,2257876.0,33.6527879092819,0.1
Chennai,Tamilnadu,69,4,1,2807561.0,496035.0,699.6291916180942,0.25
Rudraprayag,Uttarakhand,12,12,1,5244786.0,1315247.0,32.644123363084155,0.08333333333333333
Rohtak,Gujrat,15,14,1,5488193.0,855316.0,53.38022123773023,0.07142857142857142
Ri Bhoi,Meghalaya,8,8,1,2187482.0,581236.0,63.66826832137064,0.125
Mahbubnagar,_Andhrapradesh,41,36,1,22391510.0,1105394.0,74.18082571716579,0.027777777777777776
Hathras,Uttar Pradesh,12,11,1,12624347.0,4280517.0,26.923840894642396,0.09090909090909091
Hardwar,Uttarakhand,6,4,1,7680973.0,6770085.0,31.482844755611307,0.25
Rewari,Gujrat,15,14,1,7322381.0,1416179.0,37.05205658778357,0.07142857142857142
Rewa,Manipur,27,25,1,24722581.0,2061782.0,23.306703484807166,0.04
Reasi,Jammu And Kashmir,7,7,1,2058846.0,622482.0,72.94313924798556,0.14285714285714285
Rayagada,Odisha,18,17,1,14346783.0,2047643.0,23.110588258648814,0.058823529411764705
Ranchi,Jharkhand,30,4,1,28634921.0,25837603.0,31.059306680602305,0.25
Rampur,Uttar Pradesh,8,5,1,20132218.0,4256309.0,6.502103421827272,0.2
Rajouri,Jammu And Kashmir,11,11,1,2633798.0,493945.0,84.94937188528027,0.09090909090909091
Rajnandgaon,Chhattisgarh,9,7,1,11397282.0,2464609.0,16.484075875128482,0.14285714285714285
Raisen,Manipur,19,18,1,15166657.0,870526.0,38.6463117028665,0.05555555555555555
Raigarh(MH),Maharashtra,3,3,1,2307619.0,1609448.0,48.264439623354285,0.3333333333333333
Raichur,Karnataka,30,29,1,22140599.0,2592883.0,31.465891864705007,0.034482758620689655
Daman,Dadra And Nagar Haveli And Daman And Diu,3,1,1,57306.0,57306.0,1170.9070603427215,1.0
Dakshin Dinajpur,Westbengal,24,6,1,225805.0,46883.0,2293.3870843802674,0.16666666666666666
Dakshin Bastar Dantewada,Chhattisgarh,5,4,1,3983285.0,1892141.0,45.27305281894127,0.25
Dahod,Haryana,9,9,1,14403332.0,3874658.0,17.933388072497603,0.1111111111111111
Cuddalore,Tamilnadu,59,49,1,25769408.0,1133467.0,40.548524622440226,0.02040816326530612
Purnea,_Bihar,4,3,1,6894485.0,3728433.0,14.160038581018512,0.3333333333333333
Purba Champaran,_Bihar,7,5,1,6577393.0,2531109.0,23.52880378524356,0.2
Puducherry,Puducherry,4,1,1,870627.0,870627.0,73.05080131904937,1.0
Dhalai,Tripura,8,8,1,1469970.0,347178.0,105.76831907043143,0.125
Devbhumi Dwarka,Haryana,7,5,1,2727348.0,900737.0,82.50692948061615,0.2
Dehradun,Uttarakhand,41,19,1,15457459.0,9894309.0,70.25711473117723,0.05263157894736842
Dausa,Rajasthan,26,25,1,21020289.0,1864685.0,24.52288494408184,0.04
Darrang,_Assam,9,9,1,10275892.0,2010877.0,19.23192140268528,0.1111111111111111
Porbandar,Haryana,10,6,1,2780797.0,597580.0,67.01620330802466,0.16666666666666666
Pithoragarh,Uttarakhand,25,25,1,8615294.0,971228.0,41.124406453775414,0.04
Moga,Punjab,20,18,1,6983622.0,944899.0,47.84390968090007,0.05555555555555555
Golaghat,_Assam,19,19,1,12911363.0,1595201.0,23.918306032708784,0.05263157894736842
Godda,Jharkhand,8,5,1,15728202.0,6368176.0,15.365389419634035,0.2
Gir Somnath,Haryana,9,6,1,3910129.0,1468176.0,56.88875943426583,0.16666666666666666
Gariyaband,Chhattisgarh,10,7,1,7863924.0,2208324.0,42.94777242687826,0.14285714285714285
Meerut,Uttar Pradesh,24,21,1,24624973.0,2612751.0,18.720934756228726,0.047619047619047616
Pherzawl,Madhyapradesh,3,1,1,1607640.0,1607640.0,24.75678634520166,1.0
Phek,Nagaland,3,2,1,936663.0,703516.0,39.024398576622055,0.5
Perambalur,Tamilnadu,24,23,1,6656007.0,518376.0,69.59861907930869,0.043478260869565216
Pathankot,Punjab,8,7,1,3125329.0,974799.0,57.8554597420227,0.14285714285714285
Dhenkanal,Odisha,22,22,1,18295957.0,2339580.0,32.43162020682905,0.045454545454545456
Dhemaji,_Assam,11,10,1,9967473.0,1838198.0,30.570728417234726,0.1
Parbhani,Maharashtra,14,14,1,15513702.0,2064588.0,17.74616779682617,0.07142857142857142
Papum Pare,_Arunachalpradesh,7,6,1,896865.0,358074.0,190.48336901741007,0.16666666666666666
Panna,Manipur,14,11,1,12815464.0,1106902.0,19.5924767517591,0.09090909090909091
Palnadu,_Andhrapradesh,16,14,1,8239166.0,1108854.0,53.46221576317455,0.07142857142857142
Osmanabad,Maharashtra,16,14,1,6571769.0,1247872.0,60.46296412324968,0.07142857142857142
Nuapada,Odisha,7,7,1,9697449.0,2294301.0,14.182126814690324,0.14285714285714285
Gajapati,Odisha,16,16,1,9797704.0,1625632.0,32.705449031031556,0.0625
Gadchiroli,Maharashtra,14,14,1,12377444.0,2381338.0,17.28337827530393,0.07142857142857142
Gadag *,Karnataka,4,3,1,2047768.0,1163023.0,58.024151736021764,0.3333333333333333
Mumbai( Sub Urban ),Maharashtra,5,1,1,47681.0,47681.0,5102.661437469852,1.0
Muktsar,Punjab,8,8,1,4721346.0,1381272.0,45.03872430982381,0.125
Mon,Nagaland,4,4,1,2659434.0,1394803.0,33.920422870639946,0.25
Doda,Jammu And Kashmir,8,8,1,2703234.0,651514.0,74.27155864677052,0.125
Dimapur,Nagaland,6,5,1,1696556.0,886859.0,94.7389019560938,0.2
North Cachar Hills,_Assam,7,7,1,2247359.0,773497.0,56.998479955453966,0.14285714285714285
Niwari,Manipur,5,4,1,2484823.0,862480.0,67.18143073604762,0.25
Nawanshahr,Punjab,12,12,1,4756533.0,2158441.0,79.80577122042621,0.08333333333333333
Nawada,_Bihar,21,19,1,27335395.0,2626893.0,14.196212824010125,0.05263157894736842
Narsimhapur,Manipur,9,7,1,4934365.0,1972843.0,69.32541066890829,0.14285714285714285
East Sikkim,Sikkim,4,3,1,626583.0,263542.0,210.6018014234875,0.3333333333333333
East Siang,_Arunachalpradesh,2,2,1,329723.0,184948.0,87.33237039904478,0.5
N. T. R,_Andhrapradesh,12,7,1,5887850.0,1335216.0,71.58195457569691,0.14285714285714285
Munger,_Bihar,10,8,1,18331047.0,4001448.0,14.847747702928416,0.125
Ganganagar,Rajasthan,28,25,1,21243413.0,2239148.0,28.201525104207676,0.04
Ananthapur,_Andhrapradesh,29,25,1,11614783.0,1078041.0,114.02002928811106,0.04
Amethi,Uttar Pradesh,32,32,1,31378361.0,1606509.0,23.265887457238023,0.03125
Ashok Nagar,Manipur,3,3,1,2992108.0,1071289.0,11.225065312515213,0.3333333333333333
Arwal,_Bihar,8,4,1,8430547.0,3056139.0,29.56595829401455,0.25
Ariyalur,Tamilnadu,25,25,1,8903301.0,816778.0,41.62092428378312,0.04
Anugul,Odisha,6,4,1,2624084.0,1418263.0,61.50398038509424,0.25
Vijayanagara,Karnataka,8,8,1,4622450.0,1320364.0,66.24695233214086,0.125
West Singhbhum,Jharkhand,15,5,1,6727429.0,1217074.0,42.54492738345354,0.2
West Nimar,Manipur,10,10,1,15277674.0,2784341.0,26.531582995194192,0.1
Alirajpur,Manipur,3,2,1,3996877.0,3565849.0,15.864888229870068,0.5
Akola,Maharashtra,25,23,1,11455622.0,1607126.0,44.2513409246599,0.043478260869565216
Ahmed Nagar,Maharashtra,7,6,1,2964706.0,1655147.0,80.46654659619301,0.16666666666666666
Ahilyanagar,Maharashtra,12,12,1,6541067.0,1893892.0,47.419539708589426,0.08333333333333333
Agra,Uttar Pradesh,29,24,1,36137681.0,4548690.0,18.412589757090412,0.041666666666666664
yadgir,Karnataka,6,6,0,7344777.0,0.0,0.0,0.0
Alipurduar,Westbengal,13,0,0,1906924.0,0.0,0.0,
West Jaintia Hills,Meghalaya,3,3,0,2537914.0,0.0,0.0,0.0
West Kameng,_Arunachalpradesh,7,7,0,1889029.0,0.0,0.0,0.0
West Khasi Hills,Meghalaya,1,1,0,1322289.0,0.0,0.0,0.0
Balaghat,Manipur,19,19,0,22318379.0,0.0,0.0,0.0
Bajali,_Assam,1,1,0,453275.0,0.0,0.0,0.0
Bagpat,Uttar Pradesh,1,1,0,1378946.0,0.0,0.0,0.0
Bageshwar,Uttarakhand,12,12,0,4141755.0,0.0,0.0,0.0
Bagalkot *,Karnataka,1,1,0,1253689.0,0.0,0.0,0.0
Udhampur,Jammu And Kashmir,14,13,0,3887766.0,0.0,0.0,0.0
Karauli,Rajasthan,21,21,0,18733828.0,0.0,0.0,0.0
Kanker,Chhattisgarh,6,6,0,6108179.0,0.0,0.0,0.0
Kamle,_Arunachalpradesh,1,0,0,0.0,0.0,0.0,
Kallakurichi,Tamilnadu,6,6,0,3184557.0,0.0,0.0,0.0
Kalimpong,Westbengal,5,0,0,0.0,0.0,0.0,
Kalahandi,Odisha,26,25,0,23828297.0,0.0,0.0,0.0
Kakinada,_Andhrapradesh,11,11,0,6624233.0,0.0,0.0,0.0
Kaimur (Bhabua),_Bihar,6,6,0,18279599.0,0.0,0.0,0.0
Tumkur,Karnataka,28,25,0,9097022.0,0.0,0.0,0.0
Tuensang,Nagaland,2,2,0,899229.0,0.0,0.0,0.0
Noklak,Nagaland,1,0,0,0.0,0.0,0.0,
Nicobar,Andaman And Nicobar,4,4,0,525340.0,0.0,0.0,0.0
New Delhi,Delhi,1,0,0,0.0,0.0,0.0,
Neemuch,Manipur,12,11,0,6656388.0,0.0,0.0,0.0
Narsinghpur,Manipur,7,7,0,8316651.0,0.0,0.0,0.0
Narmadapuram,Manipur,9,7,0,4474784.0,0.0,0.0,0.0
Narayanpur,Chhattisgarh,1,1,0,1482590.0,0.0,0.0,0.0
Nandurbar *,Maharashtra,5,5,0,6709566.0,0.0,0.0,0.0
Nandurbar,Maharashtra,13,13,0,9219753.0,0.0,0.0,0.0
Namsai,_Arunachalpradesh,1,1,0,279855.0,0.0,0.0,0.0
Faridkot,Punjab,6,6,0,2423777.0,0.0,0.0,0.0
Eluru,_Andhrapradesh,15,14,0,6413634.0,0.0,0.0,0.0
Eastern West Khasi Hills,Meghalaya,1,1,0,1550401.0,0.0,0.0,0.0
East Midnapore,Westbengal,33,0,0,643202.0,0.0,0.0,
East Kameng,_Arunachalpradesh,1,1,0,45882.0,0.0,0.0,0.0
Nadia,Westbengal,74,1,0,11044859.0,0.0,0.0,0.0
North Twenty Four Parganas,Westbengal,29,0,0,2094765.0,0.0,0.0,
North Sikkim,Sikkim,4,2,0,342635.0,0.0,0.0,0.0
North Garo Hills,Meghalaya,4,4,0,2789061.0,0.0,0.0,0.0
North East Delhi,Delhi,1,0,0,7019316.0,0.0,0.0,
East Jaintia Hills,Meghalaya,2,2,0,810093.0,0.0,0.0,0.0
East Garo Hills,Meghalaya,1,1,0,638823.0,0.0,0.0,0.0
East Delhi,Delhi,8,0,0,9017948.0,0.0,0.0,
East,Sikkim,5,5,0,621074.0,0.0,0.0,0.0
Dohad,Haryana,5,5,0,4779954.0,0.0,0.0,0.0
Diu,Dadra And Nagar Haveli And Daman And Diu,3,0,0,0.0,0.0,0.0,
Dindori,Manipur,7,7,0,7926026.0,0.0,0.0,0.0
North Dinajpur,Westbengal,4,1,0,117185.0,0.0,0.0,0.0
North Delhi,Delhi,4,0,0,1065212.0,0.0,0.0,
North And Middle Andaman,Andaman And Nicobar,7,7,0,1433283.0,0.0,0.0,0.0
North 24 Parganas,Westbengal,107,0,0,10960829.0,0.0,0.0,
North,Sikkim,1,0,0,0.0,0.0,0.0,
Panch Mahals,Haryana,3,2,0,2172735.0,0.0,0.0,0.0
Palwal,Gujrat,4,4,0,3506167.0,0.0,0.0,0.0
Palamau,Jharkhand,2,2,0,5073062.0,0.0,0.0,0.0
Pakur,Jharkhand,2,2,0,4355843.0,0.0,0.0,0.0
Pakaur,Jharkhand,2,2,0,6787813.0,0.0,0.0,0.0
Ganderbal,Jammu And Kashmir,1,1,0,69028.0,0.0,0.0,0.0
Gadag,Karnataka,18,18,0,9085560.0,0.0,0.0,0.0
Firozpur,Punjab,8,7,0,3117989.0,0.0,0.0,0.0
Ferozepur,Punjab,11,10,0,4755994.0,0.0,0.0,0.0
Fazilka,Punjab,6,6,0,1495104.0,0.0,0.0,0.0
Fatehabad,Gujrat,9,9,0,7330767.0,0.0,0.0,0.0
Mungeli,Chhattisgarh,7,7,0,7808297.0,0.0,0.0,0.0
Mumbai Suburban,Maharashtra,23,0,0,0.0,0.0,0.0,
Mumbai City,Maharashtra,20,0,0,0.0,0.0,0.0,
Morbi,Haryana,7,7,0,4942341.0,0.0,0.0,0.0
North West Delhi,Delhi,18,2,0,32470819.0,0.0,0.0,0.0
Mayiladuthurai,Tamilnadu,17,17,0,3344211.0,0.0,0.0,0.0
Phalodi,Rajasthan,1,1,0,853541.0,0.0,0.0,0.0
Peren,Nagaland,2,2,0,918735.0,0.0,0.0,0.0
Didwana-Kuchaman,Rajasthan,3,3,0,1759065.0,0.0,0.0,0.0
Dibrugarh,_Assam,28,23,0,16236328.0,0.0,0.0,0.0
Dibang Valley,_Arunachalpradesh,2,2,0,588372.0,0.0,0.0,0.0
Dholpur,Rajasthan,11,10,0,9739316.0,0.0,0.0,0.0
Dhaulpur,Rajasthan,2,2,0,1621010.0,0.0,0.0,0.0
Dharashiv,Maharashtra,9,8,0,2799985.0,0.0,0.0,0.0
Dhalai  *,Tripura,1,1,0,205497.0,0.0,0.0,0.0
Pashchimi Singhbhum,Jharkhand,2,1,0,1335405.0,0.0,0.0,0.0
Pashchim Champaran,_Bihar,6,6,0,23105400.0,0.0,0.0,0.0
Paschim Medinipur,Westbengal,61,8,0,1389392.0,0.0,0.0,0.0
Paschim Bardhaman,Westbengal,22,0,0,2474163.0,0.0,0.0,
Parvathipuram Manyam,_Andhrapradesh,11,11,0,5234348.0,0.0,0.0,0.0
Pandhurna,Manipur,3,3,0,1477583.0,0.0,0.0,0.0
Punch,Jammu And Kashmir,6,5,0,2409440.0,0.0,0.0,0.0
Deeg,Rajasthan,1,1,0,1305904.0,0.0,0.0,0.0
Debagarh,Odisha,6,6,0,6653586.0,0.0,0.0,0.0
Datia,Manipur,9,9,0,8789242.0,0.0,0.0,0.0
Darjiling,Westbengal,10,1,0,963828.0,0.0,0.0,0.0
Darjeeling,Westbengal,45,0,0,2558992.0,0.0,0.0,
Pilibhit,Uttar Pradesh,5,5,0,7957479.0,0.0,0.0,0.0
Mokokchung,Nagaland,7,5,0,1656816.0,0.0,0.0,0.0
Mohla-Manpur-Ambagarh Chouki,Chhattisgarh,2,2,0,2429900.0,0.0,0.0,0.0
Mohali,Punjab,1,1,0,95049.0,0.0,0.0,0.0
Mewat,Gujrat,3,3,0,5645772.0,0.0,0.0,0.0
Gondia,Maharashtra,2,2,0,1142472.0,0.0,0.0,0.0
Gomati,Tripura,4,3,0,1058917.0,0.0,0.0,0.0
Garhwal,Uttarakhand,6,5,0,2645637.0,0.0,0.0,0.0
Garhwa *,Jharkhand,2,2,0,5840507.0,0.0,0.0,0.0
Meluri,Nagaland,1,1,0,300904.0,0.0,0.0,0.0
Gondiya,Maharashtra,5,5,0,2960665.0,0.0,0.0,0.0
Mamit,Mizoram,2,1,0,188175.0,0.0,0.0,0.0
Malkangiri,Odisha,8,5,0,8109030.0,0.0,0.0,0.0
Malerkotla,Punjab,2,2,0,492779.0,0.0,0.0,0.0
Maldah,Westbengal,16,0,0,2780128.0,0.0,0.0,
Malda,Westbengal,21,0,0,1260040.0,0.0,0.0,
Raebareli,Uttar Pradesh,1,1,0,949873.0,0.0,0.0,0.0
Dantewada,Chhattisgarh,2,2,0,1411635.0,0.0,0.0,0.0
Damoh,Manipur,13,13,0,16603389.0,0.0,0.0,0.0
Dadra and Nagar Haveli,Dadra And Nagar Haveli And Daman And Diu,4,3,0,692926.0,0.0,0.0,0.0
Cooch Behar,Westbengal,22,0,0,1656754.0,0.0,0.0,
Chumukedima,Nagaland,1,1,0,409744.0,0.0,0.0,0.0
Puruliya,Westbengal,33,3,0,2016885.0,0.0,0.0,0.0
Purulia,Westbengal,10,4,0,820278.0,0.0,0.0,0.0
Purba Medinipur,Westbengal,61,3,0,1933414.0,0.0,0.0,0.0
Purba Bardhaman,Westbengal,13,0,0,1167136.0,0.0,0.0,
Hasan,Karnataka,23,23,0,14037568.0,0.0,0.0,0.0
Ratlam,Manipur,12,12,0,10494254.0,0.0,0.0,0.0
Ranipet,Tamilnadu,9,8,0,3014788.0,0.0,0.0,0.0
Ramban,Jammu And Kashmir,2,2,0,474435.0,0.0,0.0,0.0
Ramanagar,Karnataka,10,7,0,3491945.0,0.0,0.0,0.0
Rajgarh,Manipur,15,14,0,18393220.0,0.0,0.0,0.0
Mauganj,Manipur,4,4,0,3384860.0,0.0,0.0,0.0
Mansa,Punjab,8,8,0,4812091.0,0.0,0.0,0.0
ManendragarhChirmiriBharatpur,Chhattisgarh,1,1,0,550571.0,0.0,0.0,0.0
Mandya,Karnataka,43,38,0,24059535.0,0.0,0.0,0.0
Mandsaur,Manipur,18,17,0,17012648.0,0.0,0.0,0.0
Mandla,Manipur,16,16,0,16373861.0,0.0,0.0,0.0
Mammit,Mizoram,2,2,0,107254.0,0.0,0.0,0.0
Haora,Westbengal,28,0,0,13889498.0,0.0,0.0,
Gulbarga,Karnataka,21,20,0,15669428.0,0.0,0.0,0.0
Gondiya *,Maharashtra,5,5,0,2634041.0,0.0,0.0,0.0
Chikmagalur,Karnataka,8,7,0,2821145.0,0.0,0.0,0.0
Chickmagalur,Karnataka,21,18,0,5453680.0,0.0,0.0,0.0
Chhatarpur,Manipur,20,19,0,18384723.0,0.0,0.0,0.0
S.A.S Nagar(Mohali),Punjab,6,6,0,1881135.0,0.0,0.0,0.0
Majuli,_Assam,1,1,0,16228.0,0.0,0.0,0.0
Maihar,Manipur,4,4,0,2674374.0,0.0,0.0,0.0
Mahrajganj,Uttar Pradesh,1,1,0,335942.0,0.0,0.0,0.0
Mahoba,Uttar Pradesh,7,7,0,7960812.0,0.0,0.0,0.0
Mahendragarh,Gujrat,7,7,0,5867692.0,0.0,0.0,0.0
Mahasamund,Chhattisgarh,5,5,0,10775532.0,0.0,0.0,0.0
Hooghly,Westbengal,85,5,0,8981896.0,0.0,0.0,0.0
Hojai,_Assam,2,2,0,1980944.0,0.0,0.0,0.0
Hingoli,Maharashtra,9,9,0,15463020.0,0.0,0.0,0.0
Hazaribag,Jharkhand,3,3,0,5639868.0,0.0,0.0,0.0
Haveri *,Karnataka,3,3,0,4149645.0,0.0,0.0,0.0
Haveri,Karnataka,26,26,0,15671041.0,0.0,0.0,0.0
Samba,Jammu And Kashmir,4,2,0,501819.0,0.0,0.0,0.0
Sakti,Chhattisgarh,2,2,0,1522844.0,0.0,0.0,0.0
Saitual,Mizoram,2,2,0,424459.0,0.0,0.0,0.0
Saiha,Mizoram,2,1,0,305566.0,0.0,0.0,0.0
Sahibganj,Jharkhand,2,2,0,2235916.0,0.0,0.0,0.0
Sabar Kantha,Haryana,4,4,0,1990436.0,0.0,0.0,0.0
Harda,Manipur,2,2,0,2961405.0,0.0,0.0,0.0
Mahabubnagar,_Andhrapradesh,5,3,0,4030356.0,0.0,0.0,0.0
MALDA,Westbengal,1,0,0,2499948.0,0.0,0.0,
Lower Subansiri,_Arunachalpradesh,2,2,0,1140051.0,0.0,0.0,0.0
Longleng,Nagaland,2,2,0,631710.0,0.0,0.0,0.0
Longding,_Arunachalpradesh,2,1,0,626719.0,0.0,0.0,0.0
Lohit,_Arunachalpradesh,3,3,0,566279.0,0.0,0.0,0.0
Leh,Jammu And Kashmir,9,6,0,1021710.0,0.0,0.0,0.0
Latehar,Jharkhand,7,7,0,10511599.0,0.0,0.0,0.0
Chitrakoot,Uttar Pradesh,7,7,0,11853390.0,0.0,0.0,0.0
Shahdara,Delhi,1,0,0,4719910.0,0.0,0.0,
Serchhip,Mizoram,3,3,0,278565.0,0.0,0.0,0.0
Seraikela-kharsawan,Jharkhand,5,3,0,4118118.0,0.0,0.0,0.0
Chatra *,Jharkhand,1,0,0,0.0,0.0,0.0,
Chatra,Jharkhand,9,9,0,17892414.0,0.0,0.0,0.0
Charkhi Dadri,Gujrat,8,8,0,4042239.0,0.0,0.0,0.0
Chandel,Madhyapradesh,5,5,0,2855623.0,0.0,0.0,0.0
Chamrajanagar,Karnataka,9,9,0,6112184.0,0.0,0.0,0.0
Champhai,Mizoram,4,4,0,836198.0,0.0,0.0,0.0
Chamarajanagar *,Karnataka,1,0,0,0.0,0.0,0.0,
Seraikela-Kharsawan,Jharkhand,9,5,0,7924444.0,0.0,0.0,0.0
Sepahijala,Tripura,5,4,0,2226242.0,0.0,0.0,0.0
Seoni,Manipur,16,16,0,18069262.0,0.0,0.0,0.0
Sarangarh-Bilaigarh,Chhattisgarh,4,4,0,3405511.0,0.0,0.0,0.0
Sant Ravidas Nagar Bhadohi,Uttar Pradesh,1,1,0,1385377.0,0.0,0.0,0.0
Sant Ravidas Nagar,Uttar Pradesh,6,6,0,5499686.0,0.0,0.0,0.0
Bundi,Rajasthan,18,17,0,14128856.0,0.0,0.0,0.0
Buldhana,Maharashtra,15,15,0,5290994.0,0.0,0.0,0.0
Buldana,Maharashtra,15,15,0,8006509.0,0.0,0.0,0.0
Boudh,Odisha,8,7,0,4008101.0,0.0,0.0,0.0
Shi-yomi,_Arunachalpradesh,1,1,0,168228.0,0.0,0.0,0.0
Lakshadweep,Lakshadweep,9,3,0,1119369.0,0.0,0.0,0.0
Lahul and Spiti,Himachalpradesh,4,4,0,162408.0,0.0,0.0,0.0
Lahul & Spiti,Himachalpradesh,3,3,0,95400.0,0.0,0.0,0.0
Lahaul and Spiti,Himachalpradesh,1,1,0,12106.0,0.0,0.0,0.0
Kushinagar *,Uttar Pradesh,1,1,0,4066424.0,0.0,0.0,0.0
Kurung Kumey,_Arunachalpradesh,1,1,0,1332787.0,0.0,0.0,0.0
Kurukshetra,Gujrat,12,12,0,5671284.0,0.0,0.0,0.0
Kulgam,Jammu And Kashmir,2,2,0,1835893.0,0.0,0.0,0.0
Krishnagiri,Tamilnadu,29,26,0,18329738.0,0.0,0.0,0.0
Kolkata,Westbengal,77,0,0,0.0,0.0,0.0,
Shaheed Bhagat Singh Nagar,Punjab,16,15,0,3898893.0,0.0,0.0,0.0
Khunti,Jharkhand,6,0,0,0.0,0.0,0.0,
Sonipat,Gujrat,21,0,0,0.0,0.0,0.0,
Sonapur,Odisha,5,5,0,3522715.0,0.0,0.0,0.0
Biswanath,_Assam,8,8,0,3988675.0,0.0,0.0,0.0
Bishnupur,Madhyapradesh,1,1,0,87436.0,0.0,0.0,0.0
Birbhum,Westbengal,48,5,0,1775346.0,0.0,0.0,0.0
Bidar,Karnataka,25,24,0,18177640.0,0.0,0.0,0.0
Bid,Maharashtra,10,9,0,5331497.0,0.0,0.0,0.0
Bhiwani,Gujrat,21,19,0,10583347.0,0.0,0.0,0.0
Sitapur,Uttar Pradesh,25,25,0,52036526.0,0.0,0.0,0.0
Simdega,Jharkhand,6,5,0,5852420.0,0.0,0.0,0.0
Siang,_Arunachalpradesh,1,1,0,354010.0,0.0,0.0,0.0
Shupiyan,Jammu And Kashmir,1,1,0,1068042.0,0.0,0.0,0.0
Chamarajanagar,Karnataka,6,6,0,4172930.0,0.0,0.0,0.0
Central Delhi,Delhi,10,0,0,0.0,0.0,0.0,
Burhanpur,Manipur,3,3,0,5111289.0,0.0,0.0,0.0
South Twenty Four Parganas,Westbengal,21,1,0,7513283.0,0.0,0.0,0.0
South Salmara Mankachar,_Assam,2,2,0,3396385.0,0.0,0.0,0.0
South Garo Hills,Meghalaya,4,3,0,1684164.0,0.0,0.0,0.0
South East Delhi,Delhi,1,0,0,131952.0,0.0,0.0,
South Dinajpur,Westbengal,3,2,0,42378.0,0.0,0.0,0.0
South Delhi,Delhi,16,0,0,14538919.0,0.0,0.0,
South 24 Parganas,Westbengal,63,1,0,9165648.0,0.0,0.0,0.0
South,Sikkim,1,1,0,142758.0,0.0,0.0,0.0
Jagatsinghapur,Odisha,16,13,0,7926212.0,0.0,0.0,0.0
Imphal East,Madhyapradesh,5,5,0,1623401.0,0.0,0.0,0.0
Hugli,Westbengal,11,1,0,2205016.0,0.0,0.0,0.0
Howrah,Westbengal,31,0,0,10686993.0,0.0,0.0,
Koderma,Jharkhand,6,6,0,3306141.0,0.0,0.0,0.0
Kodarma,Jharkhand,2,2,0,1259213.0,0.0,0.0,0.0
Koch Bihar,Westbengal,14,0,0,935688.0,0.0,0.0,
Kishtwar,Jammu And Kashmir,3,2,0,1669611.0,0.0,0.0,0.0
Khairthal-Tijara,Rajasthan,1,1,0,1123244.0,0.0,0.0,0.0
Khairagarh Chhuikhadan Gandai,Chhattisgarh,1,1,0,728048.0,0.0,0.0,0.0
Tamulpur District,_Assam,1,1,0,970685.0,0.0,0.0,0.0
Tamenglong,Madhyapradesh,4,4,0,774940.0,0.0,0.0,0.0
Surendranagar,Haryana,4,3,0,3521363.0,0.0,0.0,0.0
Surajpur,Chhattisgarh,4,4,0,5091897.0,0.0,0.0,0.0
Bharatpur,Rajasthan,31,31,0,26225473.0,0.0,0.0,0.0
Bhabua,_Bihar,2,2,0,6614693.0,0.0,0.0,0.0
Bengaluru South,Karnataka,8,8,0,5148728.0,0.0,0.0,0.0
Bengaluru Rural,Karnataka,1,1,0,644269.0,0.0,0.0,0.0
Bemetara,Chhattisgarh,5,5,0,5060691.0,0.0,0.0,0.0
Sukma,Chhattisgarh,2,2,0,1609619.0,0.0,0.0,0.0
Subarnapur,Odisha,3,2,0,1332485.0,0.0,0.0,0.0
Sri Potti Sriramulu Nellore,_Andhrapradesh,21,18,0,10310082.0,0.0,0.0,0.0
Sri Muktsar Sahib,Punjab,6,6,0,3155198.0,0.0,0.0,0.0
South West Khasi Hills,Meghalaya,2,2,0,975298.0,0.0,0.0,0.0
Beawar,Rajasthan,3,3,0,1048963.0,0.0,0.0,0.0
Baudh,Odisha,3,3,0,2135426.0,0.0,0.0,0.0
Barnala,Punjab,9,9,0,3309268.0,0.0,0.0,0.0
Bardhaman,Westbengal,25,1,0,3870065.0,0.0,0.0,0.0
Bardez,Goa,3,0,0,638653.0,0.0,0.0,
Barddhaman,Westbengal,104,3,0,7211706.0,0.0,0.0,0.0
Tawang,_Arunachalpradesh,3,3,0,418569.0,0.0,0.0,0.0
Khowai,Tripura,3,3,0,1392709.0,0.0,0.0,0.0
Jashpur,Chhattisgarh,13,13,0,12390428.0,0.0,0.0,0.0
Janjgir-champa,Chhattisgarh,8,7,0,5315312.0,0.0,0.0,0.0
Janjgir - Champa,Chhattisgarh,2,2,0,1240302.0,0.0,0.0,0.0
Jamui,_Bihar,11,10,0,22214138.0,0.0,0.0,0.0
Jalpaiguri,Westbengal,57,0,0,8131967.0,0.0,0.0,
Jalore,Rajasthan,4,4,0,3986750.0,0.0,0.0,0.0
Khargone,Manipur,8,8,0,12274606.0,0.0,0.0,0.0
Khandwa,Manipur,4,4,0,3274142.0,0.0,0.0,0.0
Tirupattur,Tamilnadu,21,19,0,7588576.0,0.0,0.0,0.0
Bankura,Westbengal,65,7,0,2210048.0,0.0,0.0,0.0
Bandipore,Jammu And Kashmir,4,4,0,1965397.0,0.0,0.0,0.0
Banas Kantha,Haryana,3,3,0,6002988.0,0.0,0.0,0.0
Balotra,Rajasthan,4,4,0,3614047.0,0.0,0.0,0.0
Tirupathur,Tamilnadu,1,1,0,651574.0,0.0,0.0,0.0
Kathua,Jammu And Kashmir,14,13,0,3552138.0,0.0,0.0,0.0
Kasargod,,10,9,0,6136767.0,0.0,0.0,0.0
K.V.Rangareddy,_Andhrapradesh,16,10,0,9728654.0,0.0,0.0,0.0
Jyotiba Phule Nagar,Uttar Pradesh,2,2,0,3609854.0,0.0,0.0,0.0
Jiribam,Madhyapradesh,1,1,0,440298.0,0.0,0.0,0.0
Jhunjhunu,Rajasthan,7,7,0,3017783.0,0.0,0.0,0.0
Jhalawar,Rajasthan,18,18,0,20610539.0,0.0,0.0,0.0
Jhabua,Manipur,12,12,0,23452720.0,0.0,0.0,0.0
Thoubal,Madhyapradesh,1,1,0,690414.0,0.0,0.0,0.0
The Dangs,Haryana,4,4,0,2534714.0,0.0,0.0,0.0
West Midnapore,Westbengal,13,1,0,1594388.0,0.0,0.0,0.0
ANUGUL,Odisha,1,1,0,1169108.0,0.0,0.0,0.0
West Delhi,Delhi,9,0,0,10331386.0,0.0,0.0,
West,Sikkim,2,2,0,959574.0,0.0,0.0,0.0
Washim *,Maharashtra,4,4,0,4912917.0,0.0,0.0,0.0
Washim,Maharashtra,9,9,0,7650689.0,0.0,0.0,0.0
Viluppuram,Tamilnadu,30,29,0,15179580.0,0.0,0.0,0.0
Villupuram,Tamilnadu,40,40,0,18894944.0,0.0,0.0,0.0
Vijayapura,Karnataka,17,14,0,7407123.0,0.0,0.0,0.0
Vidisha,Manipur,12,12,0,15666720.0,0.0,0.0,0.0
Uttarkashi,Uttarakhand,10,10,0,5482329.0,0.0,0.0,0.0
Uttar Dinajpur,Westbengal,16,1,0,470340.0,0.0,0.0,0.0
Uttar Bastar Kanker,Chhattisgarh,4,4,0,3150105.0,0.0,0.0,0.0
Upper Subansiri,_Arunachalpradesh,1,1,0,850381.0,0.0,0.0,0.0
Upper Siang,_Arunachalpradesh,3,2,0,246421.0,0.0,0.0,0.0
Unakoti,Tripura,4,4,0,516258.0,0.0,0.0,0.0
NUAPADA,Odisha,1,0,0,0.0,0.0,0.0,
NAYAGARH,Odisha,1,1,0,573435.0,0.0,0.0,0.0
Murshidabad,Westbengal,94,5,0,12913247.0,0.0,0.0,0.0
Agar Malwa,Manipur,6,6,0,3769709.0,0.0,0.0,0.0
Anantapur,_Andhrapradesh,29,26,0,11446494.0,0.0,0.0,0.0
Anakapalli,_Andhrapradesh,15,13,0,8610181.0,0.0,0.0,0.0
Amroha,Uttar Pradesh,11,9,0,13062511.0,0.0,0.0,0.0
Aurangabad(bh),_Bihar,5,4,0,13128975.0,0.0,0.0,0.0
Aurangabad(BH),_Bihar,2,2,0,4135776.0,0.0,0.0,0.0
Auraiya,Uttar Pradesh,15,15,0,15079827.0,0.0,0.0,0.0
Arvalli,Haryana,12,12,0,7015086.0,0.0,0.0,0.0
Anjaw,_Arunachalpradesh,1,1,0,355102.0,0.0,0.0,0.0
Yadgir,Karnataka,11,10,0,6689407.0,0.0,0.0,0.0
Wokha,Nagaland,2,1,0,1466926.0,0.0,0.0,0.0
West Sikkim,Sikkim,1,1,0,214516.0,0.0,0.0,0.0
West Siang,_Arunachalpradesh,4,2,0,763695.0,0.0,0.0,0.0
